ID,distance,treatment,cover,row,pattern,day
p1s1,71.35503486,control,100,one,one,1
p1s2,73.70930063,control,100,one,one,1
p1s3,46.20888443,control,100,one,one,1
p1s4,25.64412213,control,100,one,one,1
p1s5,79.83496101,control,100,one,one,1
p1s6,96.81642939,control,100,one,one,1
p1s7,48.17157876,control,100,one,one,1
p1s8,59.60571281,control,100,one,one,1
p1s9,18.94732171,control,100,one,one,1
p1s10,23.91361537,control,100,one,one,1
p1s11,NA,control,100,one,one,1
p1s12,52.33718563,control,100,one,one,1
p1s1,54.87863336,control,100,one,one,2
p1s2,122.3715817,control,100,one,one,2
p1s3,53.16013544,control,100,one,one,2
p1s4,50.009999,control,100,one,one,2
p1s5,21.26029163,control,100,one,one,2
p1s6,26.07680962,control,100,one,one,2
p1s7,NA,control,100,one,one,2
p1s8,71.55417528,control,100,one,one,2
p1s9,65.59332283,control,100,one,one,2
p1s10,27.18491493,control,100,one,one,2
p1s11,NA,control,100,one,one,2
p1s12,23.0864549,control,100,one,one,2
p1s1,46.70566989,control,100,one,one,3
p1s2,29.41088234,control,100,one,one,3
p1s3,15.8113883,control,100,one,one,3
p1s4,6.708203932,control,100,one,one,3
p1s5,16.4924225,control,100,one,one,3
p1s6,55.7227458,control,100,one,one,3
p1s7,NA,control,100,one,one,3
p1s8,9.38,control,100,one,one,3
p1s9,3.16227766,control,100,one,one,3
p1s10,5.385164807,control,100,one,one,3
p1s11,NA,control,100,one,one,3
p1s12,29.68164416,control,100,one,one,3
p1s1,22.01872839,control,100,one,one,4
p1s2,16.1245155,control,100,one,one,4
p1s3,1.414213562,control,100,one,one,4
p1s4,25.94647568,control,100,one,one,4
p1s5,8.602325267,control,100,one,one,4
p1s6,22.90161566,control,100,one,one,4
p1s7,NA,control,100,one,one,4
p1s8,18.62322206,control,100,one,one,4
p1s9,10.63014581,control,100,one,one,4
p1s10,15.65247584,control,100,one,one,4
p1s11,NA,control,100,one,one,4
p1s12,23.94367557,control,100,one,one,4
p1s1,18.02775638,control,100,one,one,5
p1s2,5.385164807,control,100,one,one,5
p1s3,4.242640687,control,100,one,one,5
p1s4,24.18677324,control,100,one,one,5
p1s5,6,control,100,one,one,5
p1s6,42.8179822,control,100,one,one,5
p1s7,NA,control,100,one,one,5
p1s8,53.87415336,control,100,one,one,5
p1s9,5.099019514,control,100,one,one,5
p1s10,33.3626198,control,100,one,one,5
p1s11,NA,control,100,one,one,5
p1s12,7,control,100,one,one,5
p1s1,NA,control,100,one,one,6
p1s2,2.828427125,control,100,one,one,6
p1s3,5,control,100,one,one,6
p1s4,27.78488798,control,100,one,one,6
p1s5,7.211102551,control,100,one,one,6
p1s6,13.15294644,control,100,one,one,6
p1s7,NA,control,100,one,one,6
p1s8,5,control,100,one,one,6
p1s9,5.385164807,control,100,one,one,6
p1s10,15.65247584,control,100,one,one,6
p1s11,NA,control,100,one,one,6
p1s12,4,control,100,one,one,6
p1s1,NA,control,100,one,one,7
p1s2,5,control,100,one,one,7
p1s3,2.236067977,control,100,one,one,7
p1s4,10,control,100,one,one,7
p1s5,8.062257748,control,100,one,one,7
p1s6,7.810249676,control,100,one,one,7
p1s7,NA,control,100,one,one,7
p1s8,7.071067812,control,100,one,one,7
p1s9,6,control,100,one,one,7
p1s10,3,control,100,one,one,7
p1s11,NA,control,100,one,one,7
p1s12,5,control,100,one,one,7
p1s1,0,control,100,one,one,8
p1s2,10.29563014,control,100,one,one,8
p1s3,6.32455532,control,100,one,one,8
p1s4,16.55294536,control,100,one,one,8
p1s5,9.433981132,control,100,one,one,8
p1s6,13.60147051,control,100,one,one,8
p1s7,NA,control,100,one,one,8
p1s8,5,control,100,one,one,8
p1s9,4.123105626,control,100,one,one,8
p1s10,5.099019514,control,100,one,one,8
p1s11,NA,control,100,one,one,8
p1s12,4.472135955,control,100,one,one,8
p1s1,3.605551275,control,100,one,one,9
p1s2,4.123105626,control,100,one,one,9
p1s3,4.472135955,control,100,one,one,9
p1s4,7.071067812,control,100,one,one,9
p1s5,4.123105626,control,100,one,one,9
p1s6,20,control,100,one,one,9
p1s7,NA,control,100,one,one,9
p1s8,4.242640687,control,100,one,one,9
p1s9,3,control,100,one,one,9
p1s10,5,control,100,one,one,9
p1s11,NA,control,100,one,one,9
p1s12,11,control,100,one,one,9
p1s1,8.246211251,control,100,one,one,10
p1s2,1.414213562,control,100,one,one,10
p1s3,3.605551275,control,100,one,one,10
p1s4,5,control,100,one,one,10
p1s5,3.605551275,control,100,one,one,10
p1s6,3.605551275,control,100,one,one,10
p1s7,NA,control,100,one,one,10
p1s8,5.830951895,control,100,one,one,10
p1s9,5,control,100,one,one,10
p1s10,10.44030651,control,100,one,one,10
p1s11,NA,control,100,one,one,10
p1s12,6.403124237,control,100,one,one,10
p2s1,20.93325106,exposed,100,one,one,1
p2s2,20.81348121,exposed,100,one,one,1
p2s3,4.679850425,exposed,100,one,one,1
p2s4,4.081788824,exposed,100,one,one,1
p2s5,11.08426813,exposed,100,one,one,1
p2s6,3.842004685,exposed,100,one,one,1
p2s7,30.6036109,exposed,100,one,one,1
p2s8,28.17553904,exposed,100,one,one,1
p2s9,18.07265891,exposed,100,one,one,1
p2s10,8.06480006,exposed,100,one,one,1
p2s11,31.58672189,exposed,100,one,one,1
p2s12,16.69014679,exposed,100,one,one,1
p2s1,6.403124237,exposed,100,one,one,2
p2s2,13,exposed,100,one,one,2
p2s3,9.433981132,exposed,100,one,one,2
p2s4,10.77032961,exposed,100,one,one,2
p2s5,8.062257748,exposed,100,one,one,2
p2s6,6.08276253,exposed,100,one,one,2
p2s7,13.89244399,exposed,100,one,one,2
p2s8,13.15294644,exposed,100,one,one,2
p2s9,10,exposed,100,one,one,2
p2s10,7.211102551,exposed,100,one,one,2
p2s11,16.97056275,exposed,100,one,one,2
p2s12,2.236067977,exposed,100,one,one,2
p2s1,6.08276253,exposed,100,one,one,3
p2s2,14,exposed,100,one,one,3
p2s3,5.830951895,exposed,100,one,one,3
p2s4,6.08276253,exposed,100,one,one,3
p2s5,6,exposed,100,one,one,3
p2s6,6.08276253,exposed,100,one,one,3
p2s7,11.22515033,exposed,100,one,one,3
p2s8,13,exposed,100,one,one,3
p2s9,19.79898987,exposed,100,one,one,3
p2s10,9.055385138,exposed,100,one,one,3
p2s11,20.84619869,exposed,100,one,one,3
p2s12,5.385164807,exposed,100,one,one,3
p2s1,3.605551275,exposed,100,one,one,4
p2s2,25,exposed,100,one,one,4
p2s3,31.04834939,exposed,100,one,one,4
p2s4,15.13274595,exposed,100,one,one,4
p2s5,5.385164807,exposed,100,one,one,4
p2s6,19.02629759,exposed,100,one,one,4
p2s7,24.57812035,exposed,100,one,one,4
p2s8,39.35733731,exposed,100,one,one,4
p2s9,2.236067977,exposed,100,one,one,4
p2s10,6.32455532,exposed,100,one,one,4
p2s11,33.03095518,exposed,100,one,one,4
p2s12,7.071067812,exposed,100,one,one,4
p2s1,6.32455532,exposed,100,one,one,5
p2s2,21.58703314,exposed,100,one,one,5
p2s3,5,exposed,100,one,one,5
p2s4,23.64115902,exposed,100,one,one,5
p2s5,9.219544457,exposed,100,one,one,5
p2s6,5.656854249,exposed,100,one,one,5
p2s7,10.63014581,exposed,100,one,one,5
p2s8,7.071067812,exposed,100,one,one,5
p2s9,36.03532156,exposed,100,one,one,5
p2s10,6.08276253,exposed,100,one,one,5
p2s11,9.219544457,exposed,100,one,one,5
p2s12,5.830951895,exposed,100,one,one,5
p2s1,7.280109889,exposed,100,one,one,6
p2s2,5.385164807,exposed,100,one,one,6
p2s3,4.472135955,exposed,100,one,one,6
p2s4,2.828427125,exposed,100,one,one,6
p2s5,7.071067812,exposed,100,one,one,6
p2s6,5,exposed,100,one,one,6
p2s7,9.219544457,exposed,100,one,one,6
p2s8,4.242640687,exposed,100,one,one,6
p2s9,4.242640687,exposed,100,one,one,6
p2s10,7.071067812,exposed,100,one,one,6
p2s11,9.219544457,exposed,100,one,one,6
p2s12,5.099019514,exposed,100,one,one,6
p2s1,7.071067812,exposed,100,one,one,7
p2s2,7,exposed,100,one,one,7
p2s3,10.29563014,exposed,100,one,one,7
p2s4,20.14,exposed,100,one,one,7
p2s5,6.403124237,exposed,100,one,one,7
p2s6,6.403124237,exposed,100,one,one,7
p2s7,8.94427191,exposed,100,one,one,7
p2s8,4,exposed,100,one,one,7
p2s9,6.32455532,exposed,100,one,one,7
p2s10,6.32455532,exposed,100,one,one,7
p2s11,19.78230522,exposed,100,one,one,7
p2s12,5.830951895,exposed,100,one,one,7
p2s1,6,exposed,100,one,one,8
p2s2,2.236067977,exposed,100,one,one,8
p2s3,4.123105626,exposed,100,one,one,8
p2s4,22.26880329,exposed,100,one,one,8
p2s5,11.66190379,exposed,100,one,one,8
p2s6,4.242640687,exposed,100,one,one,8
p2s7,7.071067812,exposed,100,one,one,8
p2s8,6.708203932,exposed,100,one,one,8
p2s9,6.403124237,exposed,100,one,one,8
p2s10,1,exposed,100,one,one,8
p2s11,10.50259016,exposed,100,one,one,8
p2s12,7.071067812,exposed,100,one,one,8
p2s1,5,exposed,100,one,one,9
p2s2,16.15549442,exposed,100,one,one,9
p2s3,14.71339526,exposed,100,one,one,9
p2s4,24.82860447,exposed,100,one,one,9
p2s5,4.492705198,exposed,100,one,one,9
p2s6,29.15345606,exposed,100,one,one,9
p2s7,13.23948639,exposed,100,one,one,9
p2s8,26.54513138,exposed,100,one,one,9
p2s9,10.44030651,exposed,100,one,one,9
p2s10,6.32455532,exposed,100,one,one,9
p2s11,7.211102551,exposed,100,one,one,9
p2s12,7.810249676,exposed,100,one,one,9
p2s1,0,exposed,100,one,one,10
p2s2,8,exposed,100,one,one,10
p2s3,2,exposed,100,one,one,10
p2s4,5.099019514,exposed,100,one,one,10
p2s5,5.656854249,exposed,100,one,one,10
p2s6,9,exposed,100,one,one,10
p2s7,3,exposed,100,one,one,10
p2s8,10.19803903,exposed,100,one,one,10
p2s9,3.16227766,exposed,100,one,one,10
p2s10,3.16227766,exposed,100,one,one,10
p2s11,10.04987562,exposed,100,one,one,10
p2s12,3.16227766,exposed,100,one,one,10
p3s1,15.98083305,exposed,60,one,two,1
p3s2,4.654785172,exposed,60,one,two,1
p3s3,17.58200856,exposed,60,one,two,1
p3s4,8.045932202,exposed,60,one,two,1
p3s5,31.36490116,exposed,60,one,two,1
p3s6,13.09186866,exposed,60,one,two,1
p3s7,20.80497597,exposed,60,one,two,1
p3s8,8.559031779,exposed,60,one,two,1
p3s9,6.492844138,exposed,60,one,two,1
p3s10,19.3299515,exposed,60,one,two,1
p3s11,15.21864071,exposed,60,one,two,1
p3s12,11.11607057,exposed,60,one,two,1
p3s1,9.4764181,exposed,60,one,two,2
p3s2,22.90632227,exposed,60,one,two,2
p3s3,7.252758096,exposed,60,one,two,2
p3s4,11.70469991,exposed,60,one,two,2
p3s5,9.268360157,exposed,60,one,two,2
p3s6,6.32455532,exposed,60,one,two,2
p3s7,17.11724277,exposed,60,one,two,2
p3s8,6.372009102,exposed,60,one,two,2
p3s9,5,exposed,60,one,two,2
p3s10,4.472135955,exposed,60,one,two,2
p3s11,3.16227766,exposed,60,one,two,2
p3s12,6.708203932,exposed,60,one,two,2
p3s1,3,exposed,60,one,two,3
p3s2,24.71752617,exposed,60,one,two,3
p3s3,19.02629759,exposed,60,one,two,3
p3s4,2.236067977,exposed,60,one,two,3
p3s5,5.830951895,exposed,60,one,two,3
p3s6,5.830951895,exposed,60,one,two,3
p3s7,5.830951895,exposed,60,one,two,3
p3s8,2.828427125,exposed,60,one,two,3
p3s9,7.280109889,exposed,60,one,two,3
p3s10,5.099019514,exposed,60,one,two,3
p3s11,4.123105626,exposed,60,one,two,3
p3s12,6.08276253,exposed,60,one,two,3
p3s1,7.280109889,exposed,60,one,two,4
p3s2,34.78505426,exposed,60,one,two,4
p3s3,37.05401463,exposed,60,one,two,4
p3s4,8.485281374,exposed,60,one,two,4
p3s5,7.615773106,exposed,60,one,two,4
p3s6,16.15549442,exposed,60,one,two,4
p3s7,14.56021978,exposed,60,one,two,4
p3s8,9.219544457,exposed,60,one,two,4
p3s9,16.1245155,exposed,60,one,two,4
p3s10,5.385164807,exposed,60,one,two,4
p3s11,3.605551275,exposed,60,one,two,4
p3s12,17,exposed,60,one,two,4
p3s1,7.615773106,exposed,60,one,two,5
p3s2,7.211102551,exposed,60,one,two,5
p3s3,23.08679276,exposed,60,one,two,5
p3s4,20.29045342,exposed,60,one,two,5
p3s5,12.36931688,exposed,60,one,two,5
p3s6,7.615773106,exposed,60,one,two,5
p3s7,10,exposed,60,one,two,5
p3s8,5.830951895,exposed,60,one,two,5
p3s9,19.10497317,exposed,60,one,two,5
p3s10,6.403124237,exposed,60,one,two,5
p3s11,7,exposed,60,one,two,5
p3s12,17.4642492,exposed,60,one,two,5
p3s1,3.605551275,exposed,60,one,two,6
p3s2,21.09502311,exposed,60,one,two,6
p3s3,19,exposed,60,one,two,6
p3s4,10.19803903,exposed,60,one,two,6
p3s5,9.486832981,exposed,60,one,two,6
p3s6,10.29563014,exposed,60,one,two,6
p3s7,10.29563014,exposed,60,one,two,6
p3s8,4.242640687,exposed,60,one,two,6
p3s9,10.29563014,exposed,60,one,two,6
p3s10,4,exposed,60,one,two,6
p3s11,5.385164807,exposed,60,one,two,6
p3s12,5.385164807,exposed,60,one,two,6
p3s1,1,exposed,60,one,two,7
p3s2,6.708203932,exposed,60,one,two,7
p3s3,13.41640786,exposed,60,one,two,7
p3s4,1,exposed,60,one,two,7
p3s5,3.16227766,exposed,60,one,two,7
p3s6,9.055385138,exposed,60,one,two,7
p3s7,10.04987562,exposed,60,one,two,7
p3s8,6.708203932,exposed,60,one,two,7
p3s9,6.08276253,exposed,60,one,two,7
p3s10,5.099019514,exposed,60,one,two,7
p3s11,5,exposed,60,one,two,7
p3s12,6.08276253,exposed,60,one,two,7
p3s1,7.810249676,exposed,60,one,two,8
p3s2,7.810249676,exposed,60,one,two,8
p3s3,5.385164807,exposed,60,one,two,8
p3s4,33.24154028,exposed,60,one,two,8
p3s5,11.40175425,exposed,60,one,two,8
p3s6,7.708800166,exposed,60,one,two,8
p3s7,7.123594598,exposed,60,one,two,8
p3s8,7.071067812,exposed,60,one,two,8
p3s9,6.172973352,exposed,60,one,two,8
p3s10,2.169239498,exposed,60,one,two,8
p3s11,7.984084168,exposed,60,one,two,8
p3s12,9.904827106,exposed,60,one,two,8
p3s1,5,exposed,60,one,two,9
p3s2,7.211102551,exposed,60,one,two,9
p3s3,2.236067977,exposed,60,one,two,9
p3s4,4.472135955,exposed,60,one,two,9
p3s5,4,exposed,60,one,two,9
p3s6,13.03840481,exposed,60,one,two,9
p3s7,11.18033989,exposed,60,one,two,9
p3s8,2.236067977,exposed,60,one,two,9
p3s9,14,exposed,60,one,two,9
p3s10,8.062257748,exposed,60,one,two,9
p3s11,17.11724277,exposed,60,one,two,9
p3s12,15.13274595,exposed,60,one,two,9
p3s1,8.94427191,exposed,60,one,two,10
p3s2,8.94427191,exposed,60,one,two,10
p3s3,9.486832981,exposed,60,one,two,10
p3s4,5.830951895,exposed,60,one,two,10
p3s5,8.062257748,exposed,60,one,two,10
p3s6,20.1246118,exposed,60,one,two,10
p3s7,21.02379604,exposed,60,one,two,10
p3s8,7.615773106,exposed,60,one,two,10
p3s9,20.1246118,exposed,60,one,two,10
p3s10,8.062257748,exposed,60,one,two,10
p3s11,10,exposed,60,one,two,10
p3s12,12.04159458,exposed,60,one,two,10
p4s1,8.108563375,control,60,one,two,1
p4s2,41.16732685,control,60,one,two,1
p4s3,NA,control,60,one,two,1
p4s4,68.75571831,control,60,one,two,1
p4s5,34.50201154,control,60,one,two,1
p4s6,26.46561543,control,60,one,two,1
p4s7,81.70770343,control,60,one,two,1
p4s8,49.41364994,control,60,one,two,1
p4s9,46.470085,control,60,one,two,1
p4s10,21.34921076,control,60,one,two,1
p4s11,44.02213988,control,60,one,two,1
p4s12,78.34353068,control,60,one,two,1
p4s1,27.89265136,control,60,one,two,2
p4s2,32.25054418,control,60,one,two,2
p4s3,NA,control,60,one,two,2
p4s4,28.5359002,control,60,one,two,2
p4s5,45,control,60,one,two,2
p4s6,57.37227205,control,60,one,two,2
p4s7,11.18033989,control,60,one,two,2
p4s8,14.14213562,control,60,one,two,2
p4s9,10.63014581,control,60,one,two,2
p4s10,19.04042016,control,60,one,two,2
p4s11,45.52337422,control,60,one,two,2
p4s12,43.08131846,control,60,one,two,2
p4s1,21.21320344,control,60,one,two,3
p4s2,9.032031887,control,60,one,two,3
p4s3,NA,control,60,one,two,3
p4s4,19,control,60,one,two,3
p4s5,33.37663854,control,60,one,two,3
p4s6,26.30589288,control,60,one,two,3
p4s7,5.385164807,control,60,one,two,3
p4s8,22.20360331,control,60,one,two,3
p4s9,21.02379604,control,60,one,two,3
p4s10,29.890092,control,60,one,two,3
p4s11,16.4924225,control,60,one,two,3
p4s12,22.0711939,control,60,one,two,3
p4s1,24.08318916,control,60,one,two,4
p4s2,12.61973058,control,60,one,two,4
p4s3,NA,control,60,one,two,4
p4s4,9.848857802,control,60,one,two,4
p4s5,8.00359919,control,60,one,two,4
p4s6,11.93053226,control,60,one,two,4
p4s7,15.55634919,control,60,one,two,4
p4s8,14.86606875,control,60,one,two,4
p4s9,14.86606875,control,60,one,two,4
p4s10,6.126793615,control,60,one,two,4
p4s11,37.05401463,control,60,one,two,4
p4s12,28.28427125,control,60,one,two,4
p4s1,5,control,60,one,two,5
p4s2,17.02637953,control,60,one,two,5
p4s3,NA,control,60,one,two,5
p4s4,3,control,60,one,two,5
p4s5,10.28871226,control,60,one,two,5
p4s6,9.274567375,control,60,one,two,5
p4s7,26.68332813,control,60,one,two,5
p4s8,26.07680962,control,60,one,two,5
p4s9,7.071067812,control,60,one,two,5
p4s10,13.90458917,control,60,one,two,5
p4s11,2.236067977,control,60,one,two,5
p4s12,13,control,60,one,two,5
p4s1,0,control,60,one,two,6
p4s2,13.70465614,control,60,one,two,6
p4s3,NA,control,60,one,two,6
p4s4,2,control,60,one,two,6
p4s5,3.16227766,control,60,one,two,6
p4s6,3.744008547,control,60,one,two,6
p4s7,5.656854249,control,60,one,two,6
p4s8,6.403124237,control,60,one,two,6
p4s9,3.16227766,control,60,one,two,6
p4s10,14.32960572,control,60,one,two,6
p4s11,4.123105626,control,60,one,two,6
p4s12,6.708203932,control,60,one,two,6
p4s1,9.486832981,control,60,one,two,7
p4s2,5.099019514,control,60,one,two,7
p4s3,NA,control,60,one,two,7
p4s4,4,control,60,one,two,7
p4s5,1.414213562,control,60,one,two,7
p4s6,2.024252949,control,60,one,two,7
p4s7,6.708203932,control,60,one,two,7
p4s8,3,control,60,one,two,7
p4s9,9.219544457,control,60,one,two,7
p4s10,8.062257748,control,60,one,two,7
p4s11,8.602325267,control,60,one,two,7
p4s12,1,control,60,one,two,7
p4s1,5,control,60,one,two,8
p4s2,14.31782106,control,60,one,two,8
p4s3,NA,control,60,one,two,8
p4s4,2.236067977,control,60,one,two,8
p4s5,13,control,60,one,two,8
p4s6,6.403124237,control,60,one,two,8
p4s7,9.219544457,control,60,one,two,8
p4s8,21.37755833,control,60,one,two,8
p4s9,5,control,60,one,two,8
p4s10,0,control,60,one,two,8
p4s11,5.385164807,control,60,one,two,8
p4s12,3,control,60,one,two,8
p4s1,9.219544457,control,60,one,two,9
p4s2,10.77032961,control,60,one,two,9
p4s3,NA,control,60,one,two,9
p4s4,3,control,60,one,two,9
p4s5,8.94427191,control,60,one,two,9
p4s6,3,control,60,one,two,9
p4s7,12.04159458,control,60,one,two,9
p4s8,2.236067977,control,60,one,two,9
p4s9,37.65020053,control,60,one,two,9
p4s10,6.08276253,control,60,one,two,9
p4s11,35.17101079,control,60,one,two,9
p4s12,13.89244399,control,60,one,two,9
p4s1,8.062257748,control,60,one,two,10
p4s2,3,control,60,one,two,10
p4s3,NA,control,60,one,two,10
p4s4,2,control,60,one,two,10
p4s5,17.08800749,control,60,one,two,10
p4s6,57.03663384,control,60,one,two,10
p4s7,1,control,60,one,two,10
p4s8,6.403124237,control,60,one,two,10
p4s9,0,control,60,one,two,10
p4s10,11.86328791,control,60,one,two,10
p4s11,1,control,60,one,two,10
p4s12,5,control,60,one,two,10
p5s1,NA,control,30,one,three,1
p5s2,74.36217873,control,30,one,three,1
p5s3,72.08379586,control,30,one,three,1
p5s4,64.00580931,control,30,one,three,1
p5s5,102.867651,control,30,one,three,1
p5s6,92.71975855,control,30,one,three,1
p5s7,95.8330508,control,30,one,three,1
p5s8,71.80580495,control,30,one,three,1
p5s9,NA,control,30,one,three,1
p5s10,48.53888776,control,30,one,three,1
p5s11,NA,control,30,one,three,1
p5s12,NA,control,30,one,three,1
p5s1,NA,control,30,one,three,2
p5s2,62,control,30,one,three,2
p5s3,23.08679276,control,30,one,three,2
p5s4,42.48602594,control,30,one,three,2
p5s5,89.13148939,control,30,one,three,2
p5s6,14.4222051,control,30,one,three,2
p5s7,54.5710546,control,30,one,three,2
p5s8,13,control,30,one,three,2
p5s9,NA,control,30,one,three,2
p5s10,18.86796226,control,30,one,three,2
p5s11,NA,control,30,one,three,2
p5s12,NA,control,30,one,three,2
p5s1,14.14213562,control,30,one,three,3
p5s2,111.647223,control,30,one,three,3
p5s3,14.2126704,control,30,one,three,3
p5s4,43.97615718,control,30,one,three,3
p5s5,26.62221629,control,30,one,three,3
p5s6,22.36067977,control,30,one,three,3
p5s7,19.10497317,control,30,one,three,3
p5s8,73.48865491,control,30,one,three,3
p5s9,NA,control,30,one,three,3
p5s10,25.2188838,control,30,one,three,3
p5s11,NA,control,30,one,three,3
p5s12,NA,control,30,one,three,3
p5s1,25.17935662,control,30,one,three,4
p5s2,9.433981132,control,30,one,three,4
p5s3,22.47220505,control,30,one,three,4
p5s4,10,control,30,one,three,4
p5s5,6.403124237,control,30,one,three,4
p5s6,3.605551275,control,30,one,three,4
p5s7,12.80624847,control,30,one,three,4
p5s8,52.84706331,control,30,one,three,4
p5s9,22.47220505,control,30,one,three,4
p5s10,12.04159458,control,30,one,three,4
p5s11,NA,control,30,one,three,4
p5s12,NA,control,30,one,three,4
p5s1,5,control,30,one,three,5
p5s2,23.40939982,control,30,one,three,5
p5s3,30.67526854,control,30,one,three,5
p5s4,5.385164807,control,30,one,three,5
p5s5,19.41648784,control,30,one,three,5
p5s6,9.899494937,control,30,one,three,5
p5s7,42.64002932,control,30,one,three,5
p5s8,90.09168719,control,30,one,three,5
p5s9,5,control,30,one,three,5
p5s10,21.1896201,control,30,one,three,5
p5s11,NA,control,30,one,three,5
p5s12,NA,control,30,one,three,5
p5s1,2.236067977,control,30,one,three,6
p5s2,18.02775638,control,30,one,three,6
p5s3,1,control,30,one,three,6
p5s4,4.472135955,control,30,one,three,6
p5s5,2.236067977,control,30,one,three,6
p5s6,0,control,30,one,three,6
p5s7,4.123105626,control,30,one,three,6
p5s8,16.40121947,control,30,one,three,6
p5s9,14.14213562,control,30,one,three,6
p5s10,3.605551275,control,30,one,three,6
p5s11,NA,control,30,one,three,6
p5s12,NA,control,30,one,three,6
p5s1,2.236067977,control,30,one,three,7
p5s2,6.08276253,control,30,one,three,7
p5s3,9.055385138,control,30,one,three,7
p5s4,4.123105626,control,30,one,three,7
p5s5,1,control,30,one,three,7
p5s6,0,control,30,one,three,7
p5s7,12.20655562,control,30,one,three,7
p5s8,10.81665383,control,30,one,three,7
p5s9,14.2126704,control,30,one,three,7
p5s10,9.219544457,control,30,one,three,7
p5s11,NA,control,30,one,three,7
p5s12,NA,control,30,one,three,7
p5s1,4.123105626,control,30,one,three,8
p5s2,8.602325267,control,30,one,three,8
p5s3,4.235575522,control,30,one,three,8
p5s4,1.414213562,control,30,one,three,8
p5s5,1,control,30,one,three,8
p5s6,0,control,30,one,three,8
p5s7,3,control,30,one,three,8
p5s8,2.236067977,control,30,one,three,8
p5s9,6.08276253,control,30,one,three,8
p5s10,11.18033989,control,30,one,three,8
p5s11,NA,control,30,one,three,8
p5s12,NA,control,30,one,three,8
p5s1,5,control,30,one,three,9
p5s2,11.18033989,control,30,one,three,9
p5s3,26.87712968,control,30,one,three,9
p5s4,17.75788276,control,30,one,three,9
p5s5,0,control,30,one,three,9
p5s6,76.65507159,control,30,one,three,9
p5s7,12.16552506,control,30,one,three,9
p5s8,14.86606875,control,30,one,three,9
p5s9,37.05401463,control,30,one,three,9
p5s10,12.80624847,control,30,one,three,9
p5s11,NA,control,30,one,three,9
p5s12,NA,control,30,one,three,9
p5s1,4,control,30,one,three,10
p5s2,4,control,30,one,three,10
p5s3,8.94427191,control,30,one,three,10
p5s4,5,control,30,one,three,10
p5s5,4,control,30,one,three,10
p5s6,3,control,30,one,three,10
p5s7,2.236067977,control,30,one,three,10
p5s8,7.211102551,control,30,one,three,10
p5s9,1,control,30,one,three,10
p5s10,13.60147051,control,30,one,three,10
p5s11,NA,control,30,one,three,10
p5s12,NA,control,30,one,three,10
p6s1,8.028153586,exposed,30,one,four,1
p6s2,8.511830003,exposed,30,one,four,1
p6s3,78.58181246,exposed,30,one,four,1
p6s4,19.6163516,exposed,30,one,four,1
p6s5,13.03078087,exposed,30,one,four,1
p6s6,13.59600125,exposed,30,one,four,1
p6s7,19.38172464,exposed,30,one,four,1
p6s8,23.56589167,exposed,30,one,four,1
p6s9,20.21388755,exposed,30,one,four,1
p6s10,50.32048539,exposed,30,one,four,1
p6s11,32.08584189,exposed,30,one,four,1
p6s12,18.0042009,exposed,30,one,four,1
p6s1,10.19803903,exposed,30,one,four,2
p6s2,8.544003745,exposed,30,one,four,2
p6s3,54.4885309,exposed,30,one,four,2
p6s4,64.93843238,exposed,30,one,four,2
p6s5,8.94427191,exposed,30,one,four,2
p6s6,14.2126704,exposed,30,one,four,2
p6s7,18.02775638,exposed,30,one,four,2
p6s8,14.03566885,exposed,30,one,four,2
p6s9,3.605551275,exposed,30,one,four,2
p6s10,25.94224354,exposed,30,one,four,2
p6s11,8.062257748,exposed,30,one,four,2
p6s12,15.26433752,exposed,30,one,four,2
p6s1,9.864202958,exposed,30,one,four,3
p6s2,11.27840858,exposed,30,one,four,3
p6s3,12.64911064,exposed,30,one,four,3
p6s4,4.05,exposed,30,one,four,3
p6s5,12.77507339,exposed,30,one,four,3
p6s6,2,exposed,30,one,four,3
p6s7,5,exposed,30,one,four,3
p6s8,10.39242513,exposed,30,one,four,3
p6s9,11.35352368,exposed,30,one,four,3
p6s10,5.385164807,exposed,30,one,four,3
p6s11,10.04987562,exposed,30,one,four,3
p6s12,10.27144099,exposed,30,one,four,3
p6s1,19.19120892,exposed,30,one,four,4
p6s2,17.41845286,exposed,30,one,four,4
p6s3,64.63745044,exposed,30,one,four,4
p6s4,4,exposed,30,one,four,4
p6s5,14.51215008,exposed,30,one,four,4
p6s6,3.16227766,exposed,30,one,four,4
p6s7,12.04159458,exposed,30,one,four,4
p6s8,20.20649648,exposed,30,one,four,4
p6s9,18.40658849,exposed,30,one,four,4
p6s10,6,exposed,30,one,four,4
p6s11,2.236067977,exposed,30,one,four,4
p6s12,11.95,exposed,30,one,four,4
p6s1,0,exposed,30,one,four,5
p6s2,9.219544457,exposed,30,one,four,5
p6s3,5.385164807,exposed,30,one,four,5
p6s4,4.242640687,exposed,30,one,four,5
p6s5,6.403124237,exposed,30,one,four,5
p6s6,5.656854249,exposed,30,one,four,5
p6s7,12.52996409,exposed,30,one,four,5
p6s8,8.485281374,exposed,30,one,four,5
p6s9,4.123105626,exposed,30,one,four,5
p6s10,2,exposed,30,one,four,5
p6s11,9.848857802,exposed,30,one,four,5
p6s12,5,exposed,30,one,four,5
p6s1,3.16227766,exposed,30,one,four,6
p6s2,3.16227766,exposed,30,one,four,6
p6s3,7.169553682,exposed,30,one,four,6
p6s4,5.656854249,exposed,30,one,four,6
p6s5,3,exposed,30,one,four,6
p6s6,8.012646255,exposed,30,one,four,6
p6s7,2,exposed,30,one,four,6
p6s8,2,exposed,30,one,four,6
p6s9,3.605551275,exposed,30,one,four,6
p6s10,0,exposed,30,one,four,6
p6s11,8.45,exposed,30,one,four,6
p6s12,3,exposed,30,one,four,6
p6s1,9.170741519,exposed,30,one,four,7
p6s2,20.05,exposed,30,one,four,7
p6s3,6.403124237,exposed,30,one,four,7
p6s4,3.605551275,exposed,30,one,four,7
p6s5,9.005692644,exposed,30,one,four,7
p6s6,9.005692644,exposed,30,one,four,7
p6s7,17.21343952,exposed,30,one,four,7
p6s8,20.17430296,exposed,30,one,four,7
p6s9,17.4155821,exposed,30,one,four,7
p6s10,0,exposed,30,one,four,7
p6s11,7.071067812,exposed,30,one,four,7
p6s12,16.9794729,exposed,30,one,four,7
p6s1,15.03329638,exposed,30,one,four,8
p6s2,17.4642492,exposed,30,one,four,8
p6s3,7,exposed,30,one,four,8
p6s4,2.1914607,exposed,30,one,four,8
p6s5,8.246211251,exposed,30,one,four,8
p6s6,3.605551275,exposed,30,one,four,8
p6s7,4.123105626,exposed,30,one,four,8
p6s8,22.21041422,exposed,30,one,four,8
p6s9,18.97366596,exposed,30,one,four,8
p6s10,0,exposed,30,one,four,8
p6s11,15.5113668,exposed,30,one,four,8
p6s12,20.60345845,exposed,30,one,four,8
p6s1,12.76724324,exposed,30,one,four,9
p6s2,9.391618604,exposed,30,one,four,9
p6s3,3.16227766,exposed,30,one,four,9
p6s4,8.45,exposed,30,one,four,9
p6s5,13.56106559,exposed,30,one,four,9
p6s6,13.95,exposed,30,one,four,9
p6s7,14.38062933,exposed,30,one,four,9
p6s8,6.32455532,exposed,30,one,four,9
p6s9,14.1740079,exposed,30,one,four,9
p6s10,0,exposed,30,one,four,9
p6s11,5.05,exposed,30,one,four,9
p6s12,3.16227766,exposed,30,one,four,9
p6s1,8.012646255,exposed,30,one,four,10
p6s2,8.899578642,exposed,30,one,four,10
p6s3,7.810249676,exposed,30,one,four,10
p6s4,1.414213562,exposed,30,one,four,10
p6s5,7.771904528,exposed,30,one,four,10
p6s6,6.95,exposed,30,one,four,10
p6s7,8.899578642,exposed,30,one,four,10
p6s8,7.021573898,exposed,30,one,four,10
p6s9,8.018883962,exposed,30,one,four,10
p6s10,18,exposed,30,one,four,10
p6s11,2,exposed,30,one,four,10
p6s12,5.148057886,exposed,30,one,four,10
p7s1,72.84132138,control,30,two,five,1
p7s2,72.48212262,control,30,two,five,1
p7s3,13.10107248,control,30,two,five,1
p7s4,23.9076996,control,30,two,five,1
p7s5,33.89067866,control,30,two,five,1
p7s6,35.87503449,control,30,two,five,1
p7s7,NA,control,30,two,five,1
p7s8,82.72858091,control,30,two,five,1
p7s9,60.57440136,control,30,two,five,1
p7s10,NA,control,30,two,five,1
p7s11,29.84959129,control,30,two,five,1
p7s12,86.47368444,control,30,two,five,1
p7s1,35.41048432,control,30,two,five,2
p7s2,22.41628872,control,30,two,five,2
p7s3,18.97366596,control,30,two,five,2
p7s4,8.485281374,control,30,two,five,2
p7s5,8.485281374,control,30,two,five,2
p7s6,14.56021978,control,30,two,five,2
p7s7,NA,control,30,two,five,2
p7s8,NA,control,30,two,five,2
p7s9,9.055385138,control,30,two,five,2
p7s10,NA,control,30,two,five,2
p7s11,28.05677102,control,30,two,five,2
p7s12,17.4642492,control,30,two,five,2
p7s1,35.78131356,control,30,two,five,3
p7s2,7.810249676,control,30,two,five,3
p7s3,45.56876562,control,30,two,five,3
p7s4,6.008527274,control,30,two,five,3
p7s5,21.02379604,control,30,two,five,3
p7s6,16.2788206,control,30,two,five,3
p7s7,NA,control,30,two,five,3
p7s8,NA,control,30,two,five,3
p7s9,8.864671455,control,30,two,five,3
p7s10,17.69180601,control,30,two,five,3
p7s11,8.062257748,control,30,two,five,3
p7s12,17.08800749,control,30,two,five,3
p7s1,10.04987562,control,30,two,five,4
p7s2,4.242640687,control,30,two,five,4
p7s3,26.2488095,control,30,two,five,4
p7s4,22.21941493,control,30,two,five,4
p7s5,15.13274595,control,30,two,five,4
p7s6,2.828427125,control,30,two,five,4
p7s7,NA,control,30,two,five,4
p7s8,13,control,30,two,five,4
p7s9,92.9865044,control,30,two,five,4
p7s10,26.57066051,control,30,two,five,4
p7s11,40.99865851,control,30,two,five,4
p7s12,4.472135955,control,30,two,five,4
p7s1,89.48800143,control,30,two,five,5
p7s2,10.04987562,control,30,two,five,5
p7s3,57,control,30,two,five,5
p7s4,NA,control,30,two,five,5
p7s5,3.605551275,control,30,two,five,5
p7s6,67.13912719,control,30,two,five,5
p7s7,9.848857802,control,30,two,five,5
p7s8,5.830951895,control,30,two,five,5
p7s9,NA,control,30,two,five,5
p7s10,73.55270219,control,30,two,five,5
p7s11,7.211102551,control,30,two,five,5
p7s12,NA,control,30,two,five,5
p7s1,9.3,control,30,two,five,6
p7s2,7.211102551,control,30,two,five,6
p7s3,4,control,30,two,five,6
p7s4,NA,control,30,two,five,6
p7s5,7.211102551,control,30,two,five,6
p7s6,64.13267498,control,30,two,five,6
p7s7,13.92838828,control,30,two,five,6
p7s8,5.830951895,control,30,two,five,6
p7s9,NA,control,30,two,five,6
p7s10,7.892401409,control,30,two,five,6
p7s11,10,control,30,two,five,6
p7s12,NA,control,30,two,five,6
p7s1,10.63014581,control,30,two,five,7
p7s2,4.123105626,control,30,two,five,7
p7s3,4,control,30,two,five,7
p7s4,7.280109889,control,30,two,five,7
p7s5,4.123105626,control,30,two,five,7
p7s6,12.02166378,control,30,two,five,7
p7s7,2.236067977,control,30,two,five,7
p7s8,12.08304597,control,30,two,five,7
p7s9,NA,control,30,two,five,7
p7s10,11.3137085,control,30,two,five,7
p7s11,9.486832981,control,30,two,five,7
p7s12,NA,control,30,two,five,7
p7s1,5.830951895,control,30,two,five,8
p7s2,10.81665383,control,30,two,five,8
p7s3,63.50590524,control,30,two,five,8
p7s4,13.03005756,control,30,two,five,8
p7s5,5.656854249,control,30,two,five,8
p7s6,3.98,control,30,two,five,8
p7s7,14.31782106,control,30,two,five,8
p7s8,7.280109889,control,30,two,five,8
p7s9,NA,control,30,two,five,8
p7s10,10.81665383,control,30,two,five,8
p7s11,10.29563014,control,30,two,five,8
p7s12,NA,control,30,two,five,8
p7s1,5.99082632,control,30,two,five,9
p7s2,9.219544457,control,30,two,five,9
p7s3,57.07889277,control,30,two,five,9
p7s4,14.02791503,control,30,two,five,9
p7s5,6.403124237,control,30,two,five,9
p7s6,4.454256391,control,30,two,five,9
p7s7,15.8113883,control,30,two,five,9
p7s8,4.472135955,control,30,two,five,9
p7s9,NA,control,30,two,five,9
p7s10,8.993886813,control,30,two,five,9
p7s11,5.099019514,control,30,two,five,9
p7s12,NA,control,30,two,five,9
p7s1,37.48332963,control,30,two,five,10
p7s2,6.403124237,control,30,two,five,10
p7s3,5.385164807,control,30,two,five,10
p7s4,8.94427191,control,30,two,five,10
p7s5,2.236067977,control,30,two,five,10
p7s6,11.04943437,control,30,two,five,10
p7s7,3.16227766,control,30,two,five,10
p7s8,10.81665383,control,30,two,five,10
p7s9,NA,control,30,two,five,10
p7s10,2,control,30,two,five,10
p7s11,11.40175425,control,30,two,five,10
p7s12,NA,control,30,two,five,10
p8s1,45.09710246,exposed,30,two,five,1
p8s2,14.27440542,exposed,30,two,five,1
p8s3,72.74296289,exposed,30,two,five,1
p8s4,28.11082798,exposed,30,two,five,1
p8s5,21.76438949,exposed,30,two,five,1
p8s6,18.79677233,exposed,30,two,five,1
p8s7,51.24810875,exposed,30,two,five,1
p8s8,19.80501578,exposed,30,two,five,1
p8s9,22.19771722,exposed,30,two,five,1
p8s10,34.81879737,exposed,30,two,five,1
p8s11,26.22820333,exposed,30,two,five,1
p8s12,18.90842802,exposed,30,two,five,1
p8s1,10.21345191,exposed,30,two,five,2
p8s2,9,exposed,30,two,five,2
p8s3,12.36931688,exposed,30,two,five,2
p8s4,6.08276253,exposed,30,two,five,2
p8s5,13.34166406,exposed,30,two,five,2
p8s6,20.24845673,exposed,30,two,five,2
p8s7,10.57140483,exposed,30,two,five,2
p8s8,17.2626765,exposed,30,two,five,2
p8s9,13.03840481,exposed,30,two,five,2
p8s10,13,exposed,30,two,five,2
p8s11,5.141458937,exposed,30,two,five,2
p8s12,16.64331698,exposed,30,two,five,2
p8s1,7.810249676,exposed,30,two,five,3
p8s2,5.830951895,exposed,30,two,five,3
p8s3,11,exposed,30,two,five,3
p8s4,2,exposed,30,two,five,3
p8s5,6.32455532,exposed,30,two,five,3
p8s6,20.02498439,exposed,30,two,five,3
p8s7,23.02172887,exposed,30,two,five,3
p8s8,4.123105626,exposed,30,two,five,3
p8s9,17.4642492,exposed,30,two,five,3
p8s10,9.848857802,exposed,30,two,five,3
p8s11,20.1246118,exposed,30,two,five,3
p8s12,3,exposed,30,two,five,3
p8s1,5.385164807,exposed,30,two,five,4
p8s2,2,exposed,30,two,five,4
p8s3,7.615773106,exposed,30,two,five,4
p8s4,8,exposed,30,two,five,4
p8s5,4,exposed,30,two,five,4
p8s6,12.80624847,exposed,30,two,five,4
p8s7,3.605551275,exposed,30,two,five,4
p8s8,7.211102551,exposed,30,two,five,4
p8s9,12.52996409,exposed,30,two,five,4
p8s10,27.7973398,exposed,30,two,five,4
p8s11,10.63014581,exposed,30,two,five,4
p8s12,12.64911064,exposed,30,two,five,4
p8s1,2.236067977,exposed,30,two,five,5
p8s2,13.92838828,exposed,30,two,five,5
p8s3,4.77620142,exposed,30,two,five,5
p8s4,5.830951895,exposed,30,two,five,5
p8s5,19.6977156,exposed,30,two,five,5
p8s6,11.40175425,exposed,30,two,five,5
p8s7,10.29563014,exposed,30,two,five,5
p8s8,10.63014581,exposed,30,two,five,5
p8s9,20.09975124,exposed,30,two,five,5
p8s10,NA,exposed,30,two,five,5
p8s11,48.10940241,exposed,30,two,five,5
p8s12,15.13454988,exposed,30,two,five,5
p8s1,15.62049935,exposed,30,two,five,6
p8s2,12.52996409,exposed,30,two,five,6
p8s3,7.211102551,exposed,30,two,five,6
p8s4,11.66190379,exposed,30,two,five,6
p8s5,9.848857802,exposed,30,two,five,6
p8s6,8.246211251,exposed,30,two,five,6
p8s7,10,exposed,30,two,five,6
p8s8,13,exposed,30,two,five,6
p8s9,15.23154621,exposed,30,two,five,6
p8s10,NA,exposed,30,two,five,6
p8s11,47.11066334,exposed,30,two,five,6
p8s12,5.025146764,exposed,30,two,five,6
p8s1,15.5241747,exposed,30,two,five,7
p8s2,2,exposed,30,two,five,7
p8s3,6.167017107,exposed,30,two,five,7
p8s4,1.414213562,exposed,30,two,five,7
p8s5,9.848857802,exposed,30,two,five,7
p8s6,2,exposed,30,two,five,7
p8s7,4.472135955,exposed,30,two,five,7
p8s8,1.414213562,exposed,30,two,five,7
p8s9,2.236067977,exposed,30,two,five,7
p8s10,4.693836384,exposed,30,two,five,7
p8s11,4,exposed,30,two,five,7
p8s12,NA,exposed,30,two,five,7
p8s1,0,exposed,30,two,five,8
p8s2,8,exposed,30,two,five,8
p8s3,3.39,exposed,30,two,five,8
p8s4,5.500190906,exposed,30,two,five,8
p8s5,17.20465053,exposed,30,two,five,8
p8s6,6.16116872,exposed,30,two,five,8
p8s7,8.062257748,exposed,30,two,five,8
p8s8,6.800889648,exposed,30,two,five,8
p8s9,7.002292482,exposed,30,two,five,8
p8s10,4.39,exposed,30,two,five,8
p8s11,3.16227766,exposed,30,two,five,8
p8s12,NA,exposed,30,two,five,8
p8s1,10.44,exposed,30,two,five,9
p8s2,4.472135955,exposed,30,two,five,9
p8s3,5,exposed,30,two,five,9
p8s4,2.037670238,exposed,30,two,five,9
p8s5,6.08276253,exposed,30,two,five,9
p8s6,5.381449619,exposed,30,two,five,9
p8s7,2,exposed,30,two,five,9
p8s8,6.800889648,exposed,30,two,five,9
p8s9,10.12877584,exposed,30,two,five,9
p8s10,6.403124237,exposed,30,two,five,9
p8s11,4.472135955,exposed,30,two,five,9
p8s12,NA,exposed,30,two,five,9
p8s1,10.9651083,exposed,30,two,five,10
p8s2,5,exposed,30,two,five,10
p8s3,1,exposed,30,two,five,10
p8s4,17.93327912,exposed,30,two,five,10
p8s5,3.605551275,exposed,30,two,five,10
p8s6,10.61,exposed,30,two,five,10
p8s7,11.04536102,exposed,30,two,five,10
p8s8,10.65702116,exposed,30,two,five,10
p8s9,11.99133437,exposed,30,two,five,10
p8s10,1.414213562,exposed,30,two,five,10
p8s11,10.81665383,exposed,30,two,five,10
p8s12,NA,exposed,30,two,five,10
p9s1,19.26753228,exposed,100,two,six,1
p9s2,17.87617968,exposed,100,two,six,1
p9s3,11.77020815,exposed,100,two,six,1
p9s4,9.092733362,exposed,100,two,six,1
p9s5,17.72393297,exposed,100,two,six,1
p9s6,13.91322393,exposed,100,two,six,1
p9s7,24.1014066,exposed,100,two,six,1
p9s8,12.61656847,exposed,100,two,six,1
p9s9,12.97835891,exposed,100,two,six,1
p9s10,9.092733362,exposed,100,two,six,1
p9s11,16.57943907,exposed,100,two,six,1
p9s12,40.54574947,exposed,100,two,six,1
p9s1,8.062257748,exposed,100,two,six,2
p9s2,10.81665383,exposed,100,two,six,2
p9s3,31.44664688,exposed,100,two,six,2
p9s4,14.56021978,exposed,100,two,six,2
p9s5,10,exposed,100,two,six,2
p9s6,8.544003745,exposed,100,two,six,2
p9s7,8.602325267,exposed,100,two,six,2
p9s8,7.280109889,exposed,100,two,six,2
p9s9,8.544003745,exposed,100,two,six,2
p9s10,4.472135955,exposed,100,two,six,2
p9s11,15.26433752,exposed,100,two,six,2
p9s12,4.14,exposed,100,two,six,2
p9s1,10.48139304,exposed,100,two,six,3
p9s2,12.146588,exposed,100,two,six,3
p9s3,11.40175425,exposed,100,two,six,3
p9s4,17.48861344,exposed,100,two,six,3
p9s5,10.33535679,exposed,100,two,six,3
p9s6,6.220900256,exposed,100,two,six,3
p9s7,8.584847116,exposed,100,two,six,3
p9s8,7.209687927,exposed,100,two,six,3
p9s9,9.356259937,exposed,100,two,six,3
p9s10,13.12934119,exposed,100,two,six,3
p9s11,11.78217297,exposed,100,two,six,3
p9s12,22.20360331,exposed,100,two,six,3
p9s1,10.08462196,exposed,100,two,six,4
p9s2,6.001633111,exposed,100,two,six,4
p9s3,11.40175425,exposed,100,two,six,4
p9s4,NA,exposed,100,two,six,4
p9s5,4.597782074,exposed,100,two,six,4
p9s6,35.14056915,exposed,100,two,six,4
p9s7,5.128313563,exposed,100,two,six,4
p9s8,3.209298989,exposed,100,two,six,4
p9s9,5.128313563,exposed,100,two,six,4
p9s10,3.00326489,exposed,100,two,six,4
p9s11,5.128313563,exposed,100,two,six,4
p9s12,2.828427125,exposed,100,two,six,4
p9s1,3.029785471,exposed,100,two,six,5
p9s2,4.620735872,exposed,100,two,six,5
p9s3,26.54693203,exposed,100,two,six,5
p9s4,NA,exposed,100,two,six,5
p9s5,21.57941612,exposed,100,two,six,5
p9s6,42.63801121,exposed,100,two,six,5
p9s7,4.536474402,exposed,100,two,six,5
p9s8,2.896756807,exposed,100,two,six,5
p9s9,32.69158301,exposed,100,two,six,5
p9s10,41.4148669,exposed,100,two,six,5
p9s11,32.59188856,exposed,100,two,six,5
p9s12,5.830951895,exposed,100,two,six,5
p9s1,5.14,exposed,100,two,six,6
p9s2,6.833710559,exposed,100,two,six,6
p9s3,37.9127894,exposed,100,two,six,6
p9s4,NA,exposed,100,two,six,6
p9s5,17.02173904,exposed,100,two,six,6
p9s6,54.12023651,exposed,100,two,six,6
p9s7,13.17799681,exposed,100,two,six,6
p9s8,6.833710559,exposed,100,two,six,6
p9s9,25.01821736,exposed,100,two,six,6
p9s10,33.84227534,exposed,100,two,six,6
p9s11,33.84227534,exposed,100,two,six,6
p9s12,10.19803903,exposed,100,two,six,6
p9s1,11.83636769,exposed,100,two,six,7
p9s2,8.693192739,exposed,100,two,six,7
p9s3,3.16227766,exposed,100,two,six,7
p9s4,5.099019514,exposed,100,two,six,7
p9s5,12.66456474,exposed,100,two,six,7
p9s6,12.30364174,exposed,100,two,six,7
p9s7,17.06632942,exposed,100,two,six,7
p9s8,10.27091038,exposed,100,two,six,7
p9s9,12.55990446,exposed,100,two,six,7
p9s10,8.976168448,exposed,100,two,six,7
p9s11,8.040621866,exposed,100,two,six,7
p9s12,3.605551275,exposed,100,two,six,7
p9s1,5.830951895,exposed,100,two,six,8
p9s2,7.526725716,exposed,100,two,six,8
p9s3,9.219544457,exposed,100,two,six,8
p9s4,11.18033989,exposed,100,two,six,8
p9s5,13.86763138,exposed,100,two,six,8
p9s6,6.708203932,exposed,100,two,six,8
p9s7,17.49285568,exposed,100,two,six,8
p9s8,4.887903436,exposed,100,two,six,8
p9s9,13.96350959,exposed,100,two,six,8
p9s10,4.46,exposed,100,two,six,8
p9s11,3.46,exposed,100,two,six,8
p9s12,2,exposed,100,two,six,8
p9s1,5.385164807,exposed,100,two,six,9
p9s2,7.071067812,exposed,100,two,six,9
p9s3,8.062257748,exposed,100,two,six,9
p9s4,3.16227766,exposed,100,two,six,9
p9s5,5.830951895,exposed,100,two,six,9
p9s6,9.486832981,exposed,100,two,six,9
p9s7,10.45328656,exposed,100,two,six,9
p9s8,9.848857802,exposed,100,two,six,9
p9s9,10.45328656,exposed,100,two,six,9
p9s10,8.602325267,exposed,100,two,six,9
p9s11,9.219544457,exposed,100,two,six,9
p9s12,5.656854249,exposed,100,two,six,9
p9s1,4.472135955,exposed,100,two,six,10
p9s2,5.656854249,exposed,100,two,six,10
p9s3,4.472135955,exposed,100,two,six,10
p9s4,6.708203932,exposed,100,two,six,10
p9s5,5.656854249,exposed,100,two,six,10
p9s6,9.486832981,exposed,100,two,six,10
p9s7,8.464726812,exposed,100,two,six,10
p9s8,5.656854249,exposed,100,two,six,10
p9s9,13.15673212,exposed,100,two,six,10
p9s10,6.403124237,exposed,100,two,six,10
p9s11,6.403124237,exposed,100,two,six,10
p9s12,9.130169768,exposed,100,two,six,10
p10s1,18.82439375,control,100,two,six,1
p10s2,NA,control,100,two,six,1
p10s3,22.79863592,control,100,two,six,1
p10s4,47.527653,control,100,two,six,1
p10s5,18.82439375,control,100,two,six,1
p10s6,9.111410429,control,100,two,six,1
p10s7,62.58208849,control,100,two,six,1
p10s8,41.96162294,control,100,two,six,1
p10s9,38.26300825,control,100,two,six,1
p10s10,44.89607778,control,100,two,six,1
p10s11,36.48969444,control,100,two,six,1
p10s12,50.93542775,control,100,two,six,1
p10s1,22.6715681,control,100,two,six,2
p10s2,NA,control,100,two,six,2
p10s3,20.09975124,control,100,two,six,2
p10s4,90.70882868,control,100,two,six,2
p10s5,22.82542442,control,100,two,six,2
p10s6,27.20294102,control,100,two,six,2
p10s7,12.08304597,control,100,two,six,2
p10s8,61.7170965,control,100,two,six,2
p10s9,25.49509757,control,100,two,six,2
p10s10,22.47220505,control,100,two,six,2
p10s11,30.04083221,control,100,two,six,2
p10s12,28.06171057,control,100,two,six,2
p10s1,16.03121954,control,100,two,six,3
p10s2,NA,control,100,two,six,3
p10s3,11.40175425,control,100,two,six,3
p10s4,21.40093456,control,100,two,six,3
p10s5,14.59765735,control,100,two,six,3
p10s6,16.2788206,control,100,two,six,3
p10s7,37.36308338,control,100,two,six,3
p10s8,42.75511665,control,100,two,six,3
p10s9,10.04987562,control,100,two,six,3
p10s10,50.49506114,control,100,two,six,3
p10s11,22.88186181,control,100,two,six,3
p10s12,16.56802945,control,100,two,six,3
p10s1,16.6856705,control,100,two,six,4
p10s2,NA,control,100,two,six,4
p10s3,20.39607805,control,100,two,six,4
p10s4,31.30495168,control,100,two,six,4
p10s5,3,control,100,two,six,4
p10s6,21.24004708,control,100,two,six,4
p10s7,13.92838828,control,100,two,six,4
p10s8,NA,control,100,two,six,4
p10s9,12.23354405,control,100,two,six,4
p10s10,23.66287387,control,100,two,six,4
p10s11,20.80865205,control,100,two,six,4
p10s12,4.86,control,100,two,six,4
p10s1,8.146876702,control,100,two,six,5
p10s2,9.219544457,control,100,two,six,5
p10s3,NA,control,100,two,six,5
p10s4,2,control,100,two,six,5
p10s5,2.236067977,control,100,two,six,5
p10s6,14.31782106,control,100,two,six,5
p10s7,13.41640786,control,100,two,six,5
p10s8,NA,control,100,two,six,5
p10s9,18,control,100,two,six,5
p10s10,16.46,control,100,two,six,5
p10s11,18.60107524,control,100,two,six,5
p10s12,20.22374842,control,100,two,six,5
p10s1,10.04987562,control,100,two,six,6
p10s2,12,control,100,two,six,6
p10s3,NA,control,100,two,six,6
p10s4,1.414213562,control,100,two,six,6
p10s5,5,control,100,two,six,6
p10s6,NA,control,100,two,six,6
p10s7,NA,control,100,two,six,6
p10s8,NA,control,100,two,six,6
p10s9,14.03566885,control,100,two,six,6
p10s10,3.605551275,control,100,two,six,6
p10s11,2,control,100,two,six,6
p10s12,6.001633111,control,100,two,six,6
p10s1,22.13594362,control,100,two,six,7
p10s2,20.39607805,control,100,two,six,7
p10s3,NA,control,100,two,six,7
p10s4,5.099019514,control,100,two,six,7
p10s5,11.18033989,control,100,two,six,7
p10s6,NA,control,100,two,six,7
p10s7,NA,control,100,two,six,7
p10s8,NA,control,100,two,six,7
p10s9,8.246211251,control,100,two,six,7
p10s10,5,control,100,two,six,7
p10s11,5.385164807,control,100,two,six,7
p10s12,10.36434272,control,100,two,six,7
p10s1,13,control,100,two,six,8
p10s2,7.211102551,control,100,two,six,8
p10s3,NA,control,100,two,six,8
p10s4,15.03329638,control,100,two,six,8
p10s5,6.061319988,control,100,two,six,8
p10s6,NA,control,100,two,six,8
p10s7,9.433981132,control,100,two,six,8
p10s8,NA,control,100,two,six,8
p10s9,5.099019514,control,100,two,six,8
p10s10,6.708203932,control,100,two,six,8
p10s11,29,control,100,two,six,8
p10s12,8.246211251,control,100,two,six,8
p10s1,7.810249676,control,100,two,six,9
p10s2,4.917275668,control,100,two,six,9
p10s3,NA,control,100,two,six,9
p10s4,3.16227766,control,100,two,six,9
p10s5,8,control,100,two,six,9
p10s6,5,control,100,two,six,9
p10s7,4.472135955,control,100,two,six,9
p10s8,NA,control,100,two,six,9
p10s9,5.385164807,control,100,two,six,9
p10s10,4,control,100,two,six,9
p10s11,7.071067812,control,100,two,six,9
p10s12,2.236067977,control,100,two,six,9
p10s1,3.16227766,control,100,two,six,10
p10s2,5,control,100,two,six,10
p10s3,NA,control,100,two,six,10
p10s4,3.16227766,control,100,two,six,10
p10s5,7.615773106,control,100,two,six,10
p10s6,3,control,100,two,six,10
p10s7,3.16227766,control,100,two,six,10
p10s8,NA,control,100,two,six,10
p10s9,6.32455532,control,100,two,six,10
p10s10,3,control,100,two,six,10
p10s11,14.56021978,control,100,two,six,10
p10s12,12.08304597,control,100,two,six,10
p11s1,24.32638742,control,60,two,seven,1
p11s2,41.23436825,control,60,two,seven,1
p11s3,16.89890899,control,60,two,seven,1
p11s4,27.50132951,control,60,two,seven,1
p11s5,NA,control,60,two,seven,1
p11s6,29.25360021,control,60,two,seven,1
p11s7,19.09117925,control,60,two,seven,1
p11s8,36.3500086,control,60,two,seven,1
p11s9,14.71132642,control,60,two,seven,1
p11s10,28.13135484,control,60,two,seven,1
p11s11,14.23281859,control,60,two,seven,1
p11s12,11.19031389,control,60,two,seven,1
p11s1,17.08800749,control,60,two,seven,2
p11s2,3.16227766,control,60,two,seven,2
p11s3,NA,control,60,two,seven,2
p11s4,12,control,60,two,seven,2
p11s5,NA,control,60,two,seven,2
p11s6,2.236067977,control,60,two,seven,2
p11s7,65.57049641,control,60,two,seven,2
p11s8,24.18677324,control,60,two,seven,2
p11s9,NA,control,60,two,seven,2
p11s10,12.04159458,control,60,two,seven,2
p11s11,17.73950394,control,60,two,seven,2
p11s12,10.44030651,control,60,two,seven,2
p11s1,9.848857802,control,60,two,seven,3
p11s2,15.98405455,control,60,two,seven,3
p11s3,NA,control,60,two,seven,3
p11s4,6,control,60,two,seven,3
p11s5,9.486832981,control,60,two,seven,3
p11s6,21.84032967,control,60,two,seven,3
p11s7,110.2900381,control,60,two,seven,3
p11s8,8.062257748,control,60,two,seven,3
p11s9,NA,control,60,two,seven,3
p11s10,36.23534186,control,60,two,seven,3
p11s11,18.98953659,control,60,two,seven,3
p11s12,8.068612024,control,60,two,seven,3
p11s1,22.13594362,control,60,two,seven,4
p11s2,5.099019514,control,60,two,seven,4
p11s3,24.23638793,control,60,two,seven,4
p11s4,10.77032961,control,60,two,seven,4
p11s5,18.68154169,control,60,two,seven,4
p11s6,20.09975124,control,60,two,seven,4
p11s7,46.95742753,control,60,two,seven,4
p11s8,18.86796226,control,60,two,seven,4
p11s9,13.15294644,control,60,two,seven,4
p11s10,16.4769536,control,60,two,seven,4
p11s11,16.86090152,control,60,two,seven,4
p11s12,19.02629759,control,60,two,seven,4
p11s1,14.56021978,control,60,two,seven,5
p11s2,3.16227766,control,60,two,seven,5
p11s3,21.09502311,control,60,two,seven,5
p11s4,6.403124237,control,60,two,seven,5
p11s5,8.602325267,control,60,two,seven,5
p11s6,13.0418557,control,60,two,seven,5
p11s7,30.8058436,control,60,two,seven,5
p11s8,13.03840481,control,60,two,seven,5
p11s9,6.708203932,control,60,two,seven,5
p11s10,18.86796226,control,60,two,seven,5
p11s11,13.03840481,control,60,two,seven,5
p11s12,6.685992821,control,60,two,seven,5
p11s1,11.40175425,control,60,two,seven,6
p11s2,3.605551275,control,60,two,seven,6
p11s3,5.099019514,control,60,two,seven,6
p11s4,15.26433752,control,60,two,seven,6
p11s5,2.236067977,control,60,two,seven,6
p11s6,7.615773106,control,60,two,seven,6
p11s7,14.86606875,control,60,two,seven,6
p11s8,9.433981132,control,60,two,seven,6
p11s9,5,control,60,two,seven,6
p11s10,1.414213562,control,60,two,seven,6
p11s11,7.280109889,control,60,two,seven,6
p11s12,14.56021978,control,60,two,seven,6
p11s1,7.071067812,control,60,two,seven,7
p11s2,2.236067977,control,60,two,seven,7
p11s3,3.605551275,control,60,two,seven,7
p11s4,3.605551275,control,60,two,seven,7
p11s5,7.071067812,control,60,two,seven,7
p11s6,4.123105626,control,60,two,seven,7
p11s7,7.280109889,control,60,two,seven,7
p11s8,7.280109889,control,60,two,seven,7
p11s9,4.472135955,control,60,two,seven,7
p11s10,2.828427125,control,60,two,seven,7
p11s11,5,control,60,two,seven,7
p11s12,10.29563014,control,60,two,seven,7
p11s1,2,control,60,two,seven,8
p11s2,26.40075756,control,60,two,seven,8
p11s3,6.708203932,control,60,two,seven,8
p11s4,10.20796258,control,60,two,seven,8
p11s5,7.280109889,control,60,two,seven,8
p11s6,9.433981132,control,60,two,seven,8
p11s7,13.89244399,control,60,two,seven,8
p11s8,17,control,60,two,seven,8
p11s9,16.1245155,control,60,two,seven,8
p11s10,12,control,60,two,seven,8
p11s11,9.486832981,control,60,two,seven,8
p11s12,20.05,control,60,two,seven,8
p11s1,10,control,60,two,seven,9
p11s2,7.211102551,control,60,two,seven,9
p11s3,3.605551275,control,60,two,seven,9
p11s4,8.012646255,control,60,two,seven,9
p11s5,18.43908891,control,60,two,seven,9
p11s6,2.236067977,control,60,two,seven,9
p11s7,5.385164807,control,60,two,seven,9
p11s8,16.15549442,control,60,two,seven,9
p11s9,8.246211251,control,60,two,seven,9
p11s10,18.35755975,control,60,two,seven,9
p11s11,5,control,60,two,seven,9
p11s12,5.830951895,control,60,two,seven,9
p11s1,1,control,60,two,seven,10
p11s2,2.236067977,control,60,two,seven,10
p11s3,2.236067977,control,60,two,seven,10
p11s4,NA,control,60,two,seven,10
p11s5,1,control,60,two,seven,10
p11s6,8.062257748,control,60,two,seven,10
p11s7,7.071067812,control,60,two,seven,10
p11s8,2,control,60,two,seven,10
p11s9,3.605551275,control,60,two,seven,10
p11s10,4,control,60,two,seven,10
p11s11,8,control,60,two,seven,10
p11s12,5.656854249,control,60,two,seven,10
p12s1,26.64892118,exposed,60,two,seven,1
p12s2,29.43407889,exposed,60,two,seven,1
p12s3,18.02567613,exposed,60,two,seven,1
p12s4,22.77904739,exposed,60,two,seven,1
p12s5,7.793907877,exposed,60,two,seven,1
p12s6,7.893351633,exposed,60,two,seven,1
p12s7,24.60741758,exposed,60,two,seven,1
p12s8,34.06824034,exposed,60,two,seven,1
p12s9,25.12060907,exposed,60,two,seven,1
p12s10,23.5156331,exposed,60,two,seven,1
p12s11,17.18385871,exposed,60,two,seven,1
p12s12,23.10768271,exposed,60,two,seven,1
p12s1,17.92261142,exposed,60,two,seven,2
p12s2,38.05259518,exposed,60,two,seven,2
p12s3,5,exposed,60,two,seven,2
p12s4,16.1245155,exposed,60,two,seven,2
p12s5,7.280109889,exposed,60,two,seven,2
p12s6,5.385164807,exposed,60,two,seven,2
p12s7,13.41640786,exposed,60,two,seven,2
p12s8,11.66583045,exposed,60,two,seven,2
p12s9,16.40121947,exposed,60,two,seven,2
p12s10,17.24470933,exposed,60,two,seven,2
p12s11,4.669946467,exposed,60,two,seven,2
p12s12,15.29705854,exposed,60,two,seven,2
p12s1,18.79073176,exposed,60,two,seven,3
p12s2,5,exposed,60,two,seven,3
p12s3,8.062257748,exposed,60,two,seven,3
p12s4,20.80865205,exposed,60,two,seven,3
p12s5,5,exposed,60,two,seven,3
p12s6,1.414213562,exposed,60,two,seven,3
p12s7,4.242640687,exposed,60,two,seven,3
p12s8,10.67052014,exposed,60,two,seven,3
p12s9,2,exposed,60,two,seven,3
p12s10,13.82937453,exposed,60,two,seven,3
p12s11,3.605551275,exposed,60,two,seven,3
p12s12,4.123105626,exposed,60,two,seven,3
p12s1,13.03840481,exposed,60,two,seven,4
p12s2,16.1245155,exposed,60,two,seven,4
p12s3,13.89244399,exposed,60,two,seven,4
p12s4,7.810249676,exposed,60,two,seven,4
p12s5,6.708203932,exposed,60,two,seven,4
p12s6,12.52996409,exposed,60,two,seven,4
p12s7,13.92838828,exposed,60,two,seven,4
p12s8,10.90412766,exposed,60,two,seven,4
p12s9,8.602325267,exposed,60,two,seven,4
p12s10,13,exposed,60,two,seven,4
p12s11,15.65247584,exposed,60,two,seven,4
p12s12,20.24845673,exposed,60,two,seven,4
p12s1,4.123105626,exposed,60,two,seven,5
p12s2,4.123105626,exposed,60,two,seven,5
p12s3,11.3137085,exposed,60,two,seven,5
p12s4,20,exposed,60,two,seven,5
p12s5,2,exposed,60,two,seven,5
p12s6,14.43369669,exposed,60,two,seven,5
p12s7,5,exposed,60,two,seven,5
p12s8,20.09975124,exposed,60,two,seven,5
p12s9,3.605551275,exposed,60,two,seven,5
p12s10,38.97101487,exposed,60,two,seven,5
p12s11,25.60195305,exposed,60,two,seven,5
p12s12,5,exposed,60,two,seven,5
p12s1,18.24828759,exposed,60,two,seven,6
p12s2,18.24828759,exposed,60,two,seven,6
p12s3,2.828427125,exposed,60,two,seven,6
p12s4,19.20937271,exposed,60,two,seven,6
p12s5,1.414213562,exposed,60,two,seven,6
p12s6,8.544003745,exposed,60,two,seven,6
p12s7,17.2626765,exposed,60,two,seven,6
p12s8,19.10497317,exposed,60,two,seven,6
p12s9,2,exposed,60,two,seven,6
p12s10,22.09072203,exposed,60,two,seven,6
p12s11,19.10497317,exposed,60,two,seven,6
p12s12,16.2788206,exposed,60,two,seven,6
p12s1,3.605551275,exposed,60,two,seven,7
p12s2,4.123105626,exposed,60,two,seven,7
p12s3,3.16227766,exposed,60,two,seven,7
p12s4,11.27349103,exposed,60,two,seven,7
p12s5,1.414213562,exposed,60,two,seven,7
p12s6,5.099019514,exposed,60,two,seven,7
p12s7,4.123105626,exposed,60,two,seven,7
p12s8,5.099019514,exposed,60,two,seven,7
p12s9,2,exposed,60,two,seven,7
p12s10,5.385164807,exposed,60,two,seven,7
p12s11,4.472135955,exposed,60,two,seven,7
p12s12,4.123105626,exposed,60,two,seven,7
p12s1,4.472135955,exposed,60,two,seven,8
p12s2,2.236067977,exposed,60,two,seven,8
p12s3,11.58324652,exposed,60,two,seven,8
p12s4,4.472135955,exposed,60,two,seven,8
p12s5,4,exposed,60,two,seven,8
p12s6,6.08276253,exposed,60,two,seven,8
p12s7,13.60147051,exposed,60,two,seven,8
p12s8,2,exposed,60,two,seven,8
p12s9,6,exposed,60,two,seven,8
p12s10,1,exposed,60,two,seven,8
p12s11,1.414213562,exposed,60,two,seven,8
p12s12,6.403124237,exposed,60,two,seven,8
p12s1,11,exposed,60,two,seven,9
p12s2,6.32455532,exposed,60,two,seven,9
p12s3,6.753636058,exposed,60,two,seven,9
p12s4,3.605551275,exposed,60,two,seven,9
p12s5,8.246211251,exposed,60,two,seven,9
p12s6,5.385164807,exposed,60,two,seven,9
p12s7,20.22374842,exposed,60,two,seven,9
p12s8,3.605551275,exposed,60,two,seven,9
p12s9,8.062257748,exposed,60,two,seven,9
p12s10,7.071067812,exposed,60,two,seven,9
p12s11,9.433981132,exposed,60,two,seven,9
p12s12,14.86606875,exposed,60,two,seven,9
p12s1,7.211102551,exposed,60,two,seven,10
p12s2,6.08276253,exposed,60,two,seven,10
p12s3,6.08276253,exposed,60,two,seven,10
p12s4,7.071067812,exposed,60,two,seven,10
p12s5,0,exposed,60,two,seven,10
p12s6,7.020797675,exposed,60,two,seven,10
p12s7,5.099019514,exposed,60,two,seven,10
p12s8,2.236067977,exposed,60,two,seven,10
p12s9,1.76963273,exposed,60,two,seven,10
p12s10,3.16227766,exposed,60,two,seven,10
p12s11,3,exposed,60,two,seven,10
p12s12,4.472135955,exposed,60,two,seven,10
p13s1,17.12804134,control,60,three,seven,1
p13s2,NA,control,60,three,seven,1
p13s3,58.14593537,control,60,three,seven,1
p13s4,76.8188115,control,60,three,seven,1
p13s5,69.21495359,control,60,three,seven,1
p13s6,76.03742368,control,60,three,seven,1
p13s7,99.72597355,control,60,three,seven,1
p13s8,89.77477263,control,60,three,seven,1
p13s9,8.634222605,control,60,three,seven,1
p13s10,52.34070882,control,60,three,seven,1
p13s11,76.60463302,control,60,three,seven,1
p13s12,2.930836058,control,60,three,seven,1
p13s1,12.59760295,control,60,three,seven,2
p13s2,NA,control,60,three,seven,2
p13s3,13.36037425,control,60,three,seven,2
p13s4,NA,control,60,three,seven,2
p13s5,NA,control,60,three,seven,2
p13s6,38.97562828,control,60,three,seven,2
p13s7,2.828427125,control,60,three,seven,2
p13s8,8.544003745,control,60,three,seven,2
p13s9,7.672001043,control,60,three,seven,2
p13s10,42.20189569,control,60,three,seven,2
p13s11,44.58138176,control,60,three,seven,2
p13s12,51.2887863,control,60,three,seven,2
p13s1,48.30216972,control,60,three,seven,3
p13s2,9.055385138,control,60,three,seven,3
p13s3,8.246211251,control,60,three,seven,3
p13s4,NA,control,60,three,seven,3
p13s5,NA,control,60,three,seven,3
p13s6,22.94732228,control,60,three,seven,3
p13s7,11.04536102,control,60,three,seven,3
p13s8,22.09072203,control,60,three,seven,3
p13s9,9.532030214,control,60,three,seven,3
p13s10,10.19803903,control,60,three,seven,3
p13s11,12.04159458,control,60,three,seven,3
p13s12,9.219544457,control,60,three,seven,3
p13s1,13.15294644,control,60,three,seven,4
p13s2,13,control,60,three,seven,4
p13s3,13.60147051,control,60,three,seven,4
p13s4,31.37864879,control,60,three,seven,4
p13s5,15.8113883,control,60,three,seven,4
p13s6,7.810249676,control,60,three,seven,4
p13s7,26.47640459,control,60,three,seven,4
p13s8,17.49285568,control,60,three,seven,4
p13s9,12.36931688,control,60,three,seven,4
p13s10,12.08304597,control,60,three,seven,4
p13s11,13.60147051,control,60,three,seven,4
p13s12,35.51056181,control,60,three,seven,4
p13s1,18.97366596,control,60,three,seven,5
p13s2,13.34166406,control,60,three,seven,5
p13s3,11,control,60,three,seven,5
p13s4,6.513033088,control,60,three,seven,5
p13s5,14.19082802,control,60,three,seven,5
p13s6,18.43908891,control,60,three,seven,5
p13s7,4.242640687,control,60,three,seven,5
p13s8,31.30495168,control,60,three,seven,5
p13s9,5,control,60,three,seven,5
p13s10,7.071067812,control,60,three,seven,5
p13s11,21.02379604,control,60,three,seven,5
p13s12,5,control,60,three,seven,5
p13s1,2,control,60,three,seven,6
p13s2,5,control,60,three,seven,6
p13s3,3,control,60,three,seven,6
p13s4,1.516443207,control,60,three,seven,6
p13s5,6,control,60,three,seven,6
p13s6,4,control,60,three,seven,6
p13s7,2.236067977,control,60,three,seven,6
p13s8,7.071067812,control,60,three,seven,6
p13s9,3,control,60,three,seven,6
p13s10,2,control,60,three,seven,6
p13s11,9,control,60,three,seven,6
p13s12,3.16227766,control,60,three,seven,6
p13s1,3,control,60,three,seven,7
p13s2,7.810249676,control,60,three,seven,7
p13s3,2,control,60,three,seven,7
p13s4,8.413061274,control,60,three,seven,7
p13s5,2.236067977,control,60,three,seven,7
p13s6,5.385164807,control,60,three,seven,7
p13s7,5.099019514,control,60,three,seven,7
p13s8,5,control,60,three,seven,7
p13s9,5.099019514,control,60,three,seven,7
p13s10,5.385164807,control,60,three,seven,7
p13s11,2.236067977,control,60,three,seven,7
p13s12,6.08276253,control,60,three,seven,7
p13s1,12.20655562,control,60,three,seven,8
p13s2,3,control,60,three,seven,8
p13s3,77.88568289,control,60,three,seven,8
p13s4,21.34712159,control,60,three,seven,8
p13s5,10.44030651,control,60,three,seven,8
p13s6,11.70469991,control,60,three,seven,8
p13s7,4,control,60,three,seven,8
p13s8,12,control,60,three,seven,8
p13s9,0,control,60,three,seven,8
p13s10,5.385164807,control,60,three,seven,8
p13s11,20.95565795,control,60,three,seven,8
p13s12,15.29705854,control,60,three,seven,8
p13s1,7.071067812,control,60,three,seven,9
p13s2,9.486832981,control,60,three,seven,9
p13s3,74.96678998,control,60,three,seven,9
p13s4,7.615773106,control,60,three,seven,9
p13s5,28.17800561,control,60,three,seven,9
p13s6,1,control,60,three,seven,9
p13s7,2,control,60,three,seven,9
p13s8,0,control,60,three,seven,9
p13s9,0,control,60,three,seven,9
p13s10,4.472135955,control,60,three,seven,9
p13s11,2.86,control,60,three,seven,9
p13s12,5.830951895,control,60,three,seven,9
p13s1,1,control,60,three,seven,10
p13s2,2,control,60,three,seven,10
p13s3,2,control,60,three,seven,10
p13s4,6.08276253,control,60,three,seven,10
p13s5,50.86,control,60,three,seven,10
p13s6,4,control,60,three,seven,10
p13s7,1.414213562,control,60,three,seven,10
p13s8,19,control,60,three,seven,10
p13s9,0,control,60,three,seven,10
p13s10,1.414213562,control,60,three,seven,10
p13s11,2.236067977,control,60,three,seven,10
p13s12,5.385164807,control,60,three,seven,10
p14s1,12.0182403,exposed,60,three,eight,1
p14s2,11.88015572,exposed,60,three,eight,1
p14s3,28.53485763,exposed,60,three,eight,1
p14s4,18.16474883,exposed,60,three,eight,1
p14s5,6.294291064,exposed,60,three,eight,1
p14s6,20.02743368,exposed,60,three,eight,1
p14s7,NA,exposed,60,three,eight,1
p14s8,13.85489444,exposed,60,three,eight,1
p14s9,4.505341275,exposed,60,three,eight,1
p14s10,18.16474883,exposed,60,three,eight,1
p14s11,18.16474883,exposed,60,three,eight,1
p14s12,8.176680255,exposed,60,three,eight,1
p14s1,10.81665383,exposed,60,three,eight,2
p14s2,5.830951895,exposed,60,three,eight,2
p14s3,3.16227766,exposed,60,three,eight,2
p14s4,8.062257748,exposed,60,three,eight,2
p14s5,10.19803903,exposed,60,three,eight,2
p14s6,3.16227766,exposed,60,three,eight,2
p14s7,NA,exposed,60,three,eight,2
p14s8,27.85677655,exposed,60,three,eight,2
p14s9,10.19803903,exposed,60,three,eight,2
p14s10,8.602325267,exposed,60,three,eight,2
p14s11,5.385164807,exposed,60,three,eight,2
p14s12,10.19803903,exposed,60,three,eight,2
p14s1,18.78829423,exposed,60,three,eight,3
p14s2,3.32,exposed,60,three,eight,3
p14s3,5.830951895,exposed,60,three,eight,3
p14s4,8.379880667,exposed,60,three,eight,3
p14s5,4.760504175,exposed,60,three,eight,3
p14s6,7.071067812,exposed,60,three,eight,3
p14s7,8.379880667,exposed,60,three,eight,3
p14s8,34.6554469,exposed,60,three,eight,3
p14s9,18.78829423,exposed,60,three,eight,3
p14s10,14.05640068,exposed,60,three,eight,3
p14s11,4.32,exposed,60,three,eight,3
p14s12,6.995884504,exposed,60,three,eight,3
p14s1,18.97366596,exposed,60,three,eight,4
p14s2,7.93614516,exposed,60,three,eight,4
p14s3,30.87069808,exposed,60,three,eight,4
p14s4,4.338478996,exposed,60,three,eight,4
p14s5,11.79247218,exposed,60,three,eight,4
p14s6,13.41640786,exposed,60,three,eight,4
p14s7,3.813449882,exposed,60,three,eight,4
p14s8,7,exposed,60,three,eight,4
p14s9,13.03840481,exposed,60,three,eight,4
p14s10,12.37991922,exposed,60,three,eight,4
p14s11,4.624110725,exposed,60,three,eight,4
p14s12,13.77796792,exposed,60,three,eight,4
p14s1,11.18033989,exposed,60,three,eight,5
p14s2,11.93743691,exposed,60,three,eight,5
p14s3,11.66190379,exposed,60,three,eight,5
p14s4,15.42368309,exposed,60,three,eight,5
p14s5,14.84890568,exposed,60,three,eight,5
p14s6,9.433981132,exposed,60,three,eight,5
p14s7,10.72671432,exposed,60,three,eight,5
p14s8,4.472135955,exposed,60,three,eight,5
p14s9,7.615773106,exposed,60,three,eight,5
p14s10,23.9726928,exposed,60,three,eight,5
p14s11,9.689685237,exposed,60,three,eight,5
p14s12,11,exposed,60,three,eight,5
p14s1,5.656854249,exposed,60,three,eight,6
p14s2,3.605551275,exposed,60,three,eight,6
p14s3,7.071067812,exposed,60,three,eight,6
p14s4,5.385164807,exposed,60,three,eight,6
p14s5,4,exposed,60,three,eight,6
p14s6,4.242640687,exposed,60,three,eight,6
p14s7,2.236067977,exposed,60,three,eight,6
p14s8,8.062257748,exposed,60,three,eight,6
p14s9,6.708203932,exposed,60,three,eight,6
p14s10,3.16227766,exposed,60,three,eight,6
p14s11,5.3,exposed,60,three,eight,6
p14s12,12.20655562,exposed,60,three,eight,6
p14s1,3,exposed,60,three,eight,7
p14s2,5.656854249,exposed,60,three,eight,7
p14s3,3.605551275,exposed,60,three,eight,7
p14s4,10.14211023,exposed,60,three,eight,7
p14s5,5.198307417,exposed,60,three,eight,7
p14s6,3.16227766,exposed,60,three,eight,7
p14s7,2.236067977,exposed,60,three,eight,7
p14s8,5,exposed,60,three,eight,7
p14s9,6.32455532,exposed,60,three,eight,7
p14s10,5.32,exposed,60,three,eight,7
p14s11,7.121263933,exposed,60,three,eight,7
p14s12,7.387990254,exposed,60,three,eight,7
p14s1,2.236067977,exposed,60,three,eight,8
p14s2,10,exposed,60,three,eight,8
p14s3,5,exposed,60,three,eight,8
p14s4,12.64911064,exposed,60,three,eight,8
p14s5,2.236067977,exposed,60,three,eight,8
p14s6,3.16227766,exposed,60,three,eight,8
p14s7,7.071067812,exposed,60,three,eight,8
p14s8,20.80865205,exposed,60,three,eight,8
p14s9,4.123105626,exposed,60,three,eight,8
p14s10,9.848857802,exposed,60,three,eight,8
p14s11,1,exposed,60,three,eight,8
p14s12,9,exposed,60,three,eight,8
p14s1,1,exposed,60,three,eight,9
p14s2,1,exposed,60,three,eight,9
p14s3,7.738862966,exposed,60,three,eight,9
p14s4,9.091886493,exposed,60,three,eight,9
p14s5,17.15291229,exposed,60,three,eight,9
p14s6,2.236067977,exposed,60,three,eight,9
p14s7,5.830951895,exposed,60,three,eight,9
p14s8,1.044030651,exposed,60,three,eight,9
p14s9,2.3,exposed,60,three,eight,9
p14s10,11.59924135,exposed,60,three,eight,9
p14s11,5.171305444,exposed,60,three,eight,9
p14s12,11.66190379,exposed,60,three,eight,9
p14s1,4.242640687,exposed,60,three,eight,10
p14s2,1,exposed,60,three,eight,10
p14s3,2.11896201,exposed,60,three,eight,10
p14s4,5.385164807,exposed,60,three,eight,10
p14s5,5.099019514,exposed,60,three,eight,10
p14s6,4.242640687,exposed,60,three,eight,10
p14s7,2.828427125,exposed,60,three,eight,10
p14s8,4.472135955,exposed,60,three,eight,10
p14s9,2.11896201,exposed,60,three,eight,10
p14s10,2.112439348,exposed,60,three,eight,10
p14s11,3.076101429,exposed,60,three,eight,10
p14s12,2,exposed,60,three,eight,10
p15s1,NA,exposed,30,three,eight,1
p15s2,17.12388391,exposed,30,three,eight,1
p15s3,31.478364,exposed,30,three,eight,1
p15s4,30.6438803,exposed,30,three,eight,1
p15s5,13.06091115,exposed,30,three,eight,1
p15s6,22.73823652,exposed,30,three,eight,1
p15s7,4.576832966,exposed,30,three,eight,1
p15s8,NA,exposed,30,three,eight,1
p15s9,20.29008132,exposed,30,three,eight,1
p15s10,31.31177734,exposed,30,three,eight,1
p15s11,16.86794,exposed,30,three,eight,1
p15s12,43.68509357,exposed,30,three,eight,1
p15s1,NA,exposed,30,three,eight,2
p15s2,9.596353474,exposed,30,three,eight,2
p15s3,5.099019514,exposed,30,three,eight,2
p15s4,11.34416149,exposed,30,three,eight,2
p15s5,9.219544457,exposed,30,three,eight,2
p15s6,8.062257748,exposed,30,three,eight,2
p15s7,26.92582404,exposed,30,three,eight,2
p15s8,NA,exposed,30,three,eight,2
p15s9,10,exposed,30,three,eight,2
p15s10,7.280109889,exposed,30,three,eight,2
p15s11,10.8949346,exposed,30,three,eight,2
p15s12,15.24106296,exposed,30,three,eight,2
p15s1,NA,exposed,30,three,eight,3
p15s2,5.301848734,exposed,30,three,eight,3
p15s3,5.656854249,exposed,30,three,eight,3
p15s4,25.61425384,exposed,30,three,eight,3
p15s5,2.86,exposed,30,three,eight,3
p15s6,8.005623024,exposed,30,three,eight,3
p15s7,1.516443207,exposed,30,three,eight,3
p15s8,12.66056871,exposed,30,three,eight,3
p15s9,9.815783209,exposed,30,three,eight,3
p15s10,11.69144987,exposed,30,three,eight,3
p15s11,1.318938968,exposed,30,three,eight,3
p15s12,15.50774,exposed,30,three,eight,3
p15s1,NA,exposed,30,three,eight,4
p15s2,16.76305461,exposed,30,three,eight,4
p15s3,18.43908891,exposed,30,three,eight,4
p15s4,3,exposed,30,three,eight,4
p15s5,1.009752445,exposed,30,three,eight,4
p15s6,2.236067977,exposed,30,three,eight,4
p15s7,9.055385138,exposed,30,three,eight,4
p15s8,45.38402362,exposed,30,three,eight,4
p15s9,28.60069929,exposed,30,three,eight,4
p15s10,2.236067977,exposed,30,three,eight,4
p15s11,1.414213562,exposed,30,three,eight,4
p15s12,10,exposed,30,three,eight,4
p15s1,2.236067977,exposed,30,three,eight,5
p15s2,6,exposed,30,three,eight,5
p15s3,24.18677324,exposed,30,three,eight,5
p15s4,48.8527338,exposed,30,three,eight,5
p15s5,12.52996409,exposed,30,three,eight,5
p15s6,40.70024079,exposed,30,three,eight,5
p15s7,12.04159458,exposed,30,three,eight,5
p15s8,15.26433752,exposed,30,three,eight,5
p15s9,19.79898987,exposed,30,three,eight,5
p15s10,59.90417014,exposed,30,three,eight,5
p15s11,NA,exposed,30,three,eight,5
p15s12,49.4993899,exposed,30,three,eight,5
p15s1,NA,exposed,30,three,eight,6
p15s2,2,exposed,30,three,eight,6
p15s3,8.246211251,exposed,30,three,eight,6
p15s4,41.45201563,exposed,30,three,eight,6
p15s5,9.219544457,exposed,30,three,eight,6
p15s6,40.98914003,exposed,30,three,eight,6
p15s7,5.385164807,exposed,30,three,eight,6
p15s8,66.30014781,exposed,30,three,eight,6
p15s9,5,exposed,30,three,eight,6
p15s10,60.00691294,exposed,30,three,eight,6
p15s11,NA,exposed,30,three,eight,6
p15s12,45.36374764,exposed,30,three,eight,6
p15s1,NA,exposed,30,three,eight,7
p15s2,2.236067977,exposed,30,three,eight,7
p15s3,1.414213562,exposed,30,three,eight,7
p15s4,6.32455532,exposed,30,three,eight,7
p15s5,1,exposed,30,three,eight,7
p15s6,5.099019514,exposed,30,three,eight,7
p15s7,3,exposed,30,three,eight,7
p15s8,2.236067977,exposed,30,three,eight,7
p15s9,1.414213562,exposed,30,three,eight,7
p15s10,2.236067977,exposed,30,three,eight,7
p15s11,4.242640687,exposed,30,three,eight,7
p15s12,13.89244399,exposed,30,three,eight,7
p15s1,NA,exposed,30,three,eight,8
p15s2,7.071067812,exposed,30,three,eight,8
p15s3,5.830951895,exposed,30,three,eight,8
p15s4,22.36067977,exposed,30,three,eight,8
p15s5,0,exposed,30,three,eight,8
p15s6,12.04159458,exposed,30,three,eight,8
p15s7,5,exposed,30,three,eight,8
p15s8,2.236067977,exposed,30,three,eight,8
p15s9,2.236067977,exposed,30,three,eight,8
p15s10,9.433981132,exposed,30,three,eight,8
p15s11,4.242640687,exposed,30,three,eight,8
p15s12,4.123105626,exposed,30,three,eight,8
p15s1,NA,exposed,30,three,eight,9
p15s2,3.605551275,exposed,30,three,eight,9
p15s3,11.66190379,exposed,30,three,eight,9
p15s4,51.02371605,exposed,30,three,eight,9
p15s5,6.708203932,exposed,30,three,eight,9
p15s6,4.472135955,exposed,30,three,eight,9
p15s7,6.107339846,exposed,30,three,eight,9
p15s8,2,exposed,30,three,eight,9
p15s9,5,exposed,30,three,eight,9
p15s10,1,exposed,30,three,eight,9
p15s11,2.828427125,exposed,30,three,eight,9
p15s12,2.236067977,exposed,30,three,eight,9
p15s1,NA,exposed,30,three,eight,10
p15s2,7.211102551,exposed,30,three,eight,10
p15s3,5.656854249,exposed,30,three,eight,10
p15s4,3,exposed,30,three,eight,10
p15s5,NA,exposed,30,three,eight,10
p15s6,2,exposed,30,three,eight,10
p15s7,2.004894012,exposed,30,three,eight,10
p15s8,1,exposed,30,three,eight,10
p15s9,8.602325267,exposed,30,three,eight,10
p15s10,3,exposed,30,three,eight,10
p15s11,10,exposed,30,three,eight,10
p15s12,2,exposed,30,three,eight,10
p16s1,75.37366997,control,30,three,eight,1
p16s2,NA,control,30,three,eight,1
p16s3,43.67505152,control,30,three,eight,1
p16s4,28.48508601,control,30,three,eight,1
p16s5,13.12364755,control,30,three,eight,1
p16s6,31.8455668,control,30,three,eight,1
p16s7,26.81380475,control,30,three,eight,1
p16s8,74.29165582,control,30,three,eight,1
p16s9,20.89162811,control,30,three,eight,1
p16s10,39.60416803,control,30,three,eight,1
p16s11,26.0626193,control,30,three,eight,1
p16s12,43.24465429,control,30,three,eight,1
p16s1,1,control,30,three,eight,2
p16s2,NA,control,30,three,eight,2
p16s3,24.30842652,control,30,three,eight,2
p16s4,10.18919035,control,30,three,eight,2
p16s5,5.438713083,control,30,three,eight,2
p16s6,27.06103472,control,30,three,eight,2
p16s7,10.77032961,control,30,three,eight,2
p16s8,19.20937271,control,30,three,eight,2
p16s9,29.08297784,control,30,three,eight,2
p16s10,19.99948999,control,30,three,eight,2
p16s11,26,control,30,three,eight,2
p16s12,90.8735385,control,30,three,eight,2
p16s1,10.63014581,control,30,three,eight,3
p16s2,3.16227766,control,30,three,eight,3
p16s3,43.01162634,control,30,three,eight,3
p16s4,29.15475947,control,30,three,eight,3
p16s5,8.94427191,control,30,three,eight,3
p16s6,8.062257748,control,30,three,eight,3
p16s7,23,control,30,three,eight,3
p16s8,9.848857802,control,30,three,eight,3
p16s9,20.02498439,control,30,three,eight,3
p16s10,14.2126704,control,30,three,eight,3
p16s11,36.76955262,control,30,three,eight,3
p16s12,25,control,30,three,eight,3
p16s1,31.11269837,control,30,three,eight,4
p16s2,65.36818798,control,30,three,eight,4
p16s3,13.15294644,control,30,three,eight,4
p16s4,13.45362405,control,30,three,eight,4
p16s5,16.67991607,control,30,three,eight,4
p16s6,14.05914649,control,30,three,eight,4
p16s7,36.05551275,control,30,three,eight,4
p16s8,40,control,30,three,eight,4
p16s9,23.32380758,control,30,three,eight,4
p16s10,7.280109889,control,30,three,eight,4
p16s11,40.11234224,control,30,three,eight,4
p16s12,3.605551275,control,30,three,eight,4
p16s1,3.16227766,control,30,three,eight,5
p16s2,8.94427191,control,30,three,eight,5
p16s3,5.656854249,control,30,three,eight,5
p16s4,11.18033989,control,30,three,eight,5
p16s5,9.194541859,control,30,three,eight,5
p16s6,11.18479325,control,30,three,eight,5
p16s7,12.04159458,control,30,three,eight,5
p16s8,7.280109889,control,30,three,eight,5
p16s9,28.60069929,control,30,three,eight,5
p16s10,4.242640687,control,30,three,eight,5
p16s11,18.97366596,control,30,three,eight,5
p16s12,0,control,30,three,eight,5
p16s1,2.236067977,control,30,three,eight,6
p16s2,4.458800287,control,30,three,eight,6
p16s3,2.828427125,control,30,three,eight,6
p16s4,8,control,30,three,eight,6
p16s5,9.619750517,control,30,three,eight,6
p16s6,6.220900256,control,30,three,eight,6
p16s7,3.16227766,control,30,three,eight,6
p16s8,2.828427125,control,30,three,eight,6
p16s9,10.44030651,control,30,three,eight,6
p16s10,0,control,30,three,eight,6
p16s11,5,control,30,three,eight,6
p16s12,1,control,30,three,eight,6
p16s1,1,control,30,three,eight,7
p16s2,4.976032556,control,30,three,eight,7
p16s3,2,control,30,three,eight,7
p16s4,6.32455532,control,30,three,eight,7
p16s5,9.219544457,control,30,three,eight,7
p16s6,3.605551275,control,30,three,eight,7
p16s7,4.242640687,control,30,three,eight,7
p16s8,3.16227766,control,30,three,eight,7
p16s9,20.24845673,control,30,three,eight,7
p16s10,4,control,30,three,eight,7
p16s11,1.414213562,control,30,three,eight,7
p16s12,5.830951895,control,30,three,eight,7
p16s1,3,control,30,three,eight,8
p16s2,3.152919282,control,30,three,eight,8
p16s3,12.04159458,control,30,three,eight,8
p16s4,6.403124237,control,30,three,eight,8
p16s5,20.92318331,control,30,three,eight,8
p16s6,9.552989061,control,30,three,eight,8
p16s7,14.69488346,control,30,three,eight,8
p16s8,7.071067812,control,30,three,eight,8
p16s9,4.472135955,control,30,three,eight,8
p16s10,25.3179778,control,30,three,eight,8
p16s11,11.18033989,control,30,three,eight,8
p16s12,6.08276253,control,30,three,eight,8
p16s1,1,control,30,three,eight,9
p16s2,3.16227766,control,30,three,eight,9
p16s3,3.605551275,control,30,three,eight,9
p16s4,10.29563014,control,30,three,eight,9
p16s5,8.062257748,control,30,three,eight,9
p16s6,3.605551275,control,30,three,eight,9
p16s7,10.14,control,30,three,eight,9
p16s8,3,control,30,three,eight,9
p16s9,2.828427125,control,30,three,eight,9
p16s10,1,control,30,three,eight,9
p16s11,7.211102551,control,30,three,eight,9
p16s12,5.656854249,control,30,three,eight,9
p16s1,2.236067977,control,30,three,eight,10
p16s2,2.828427125,control,30,three,eight,10
p16s3,3.605551275,control,30,three,eight,10
p16s4,1,control,30,three,eight,10
p16s5,10.06477024,control,30,three,eight,10
p16s6,7.319808741,control,30,three,eight,10
p16s7,4.472135955,control,30,three,eight,10
p16s8,13.03840481,control,30,three,eight,10
p16s9,4.242640687,control,30,three,eight,10
p16s10,5.128313563,control,30,three,eight,10
p16s11,1,control,30,three,eight,10
p16s12,3.16227766,control,30,three,eight,10
p17s1,20.61315721,exposed,100,three,nove,1
p17s2,7.722192046,exposed,100,three,nove,1
p17s3,7.729311095,exposed,100,three,nove,1
p17s4,10.87852242,exposed,100,three,nove,1
p17s5,8.720220754,exposed,100,three,nove,1
p17s6,8.084692326,exposed,100,three,nove,1
p17s7,5.531026125,exposed,100,three,nove,1
p17s8,10.32193054,exposed,100,three,nove,1
p17s9,11.86601239,exposed,100,three,nove,1
p17s10,11.17283536,exposed,100,three,nove,1
p17s11,10.32193054,exposed,100,three,nove,1
p17s12,9.168546777,exposed,100,three,nove,1
p17s1,4.842323822,exposed,100,three,nove,2
p17s2,8.062257748,exposed,100,three,nove,2
p17s3,13.41640786,exposed,100,three,nove,2
p17s4,16.55294536,exposed,100,three,nove,2
p17s5,NA,exposed,100,three,nove,2
p17s6,6.403124237,exposed,100,three,nove,2
p17s7,11.00309502,exposed,100,three,nove,2
p17s8,20.71878616,exposed,100,three,nove,2
p17s9,7,exposed,100,three,nove,2
p17s10,9.486832981,exposed,100,three,nove,2
p17s11,14.10347829,exposed,100,three,nove,2
p17s12,2.236067977,exposed,100,three,nove,2
p17s1,6.714767308,exposed,100,three,nove,3
p17s2,12.52996409,exposed,100,three,nove,3
p17s3,9.486832981,exposed,100,three,nove,3
p17s4,12.06154634,exposed,100,three,nove,3
p17s5,NA,exposed,100,three,nove,3
p17s6,6.403124237,exposed,100,three,nove,3
p17s7,12.48871891,exposed,100,three,nove,3
p17s8,4.241238027,exposed,100,three,nove,3
p17s9,8.485281374,exposed,100,three,nove,3
p17s10,10,exposed,100,three,nove,3
p17s11,6.666940828,exposed,100,three,nove,3
p17s12,10.19803903,exposed,100,three,nove,3
p17s1,6.08276253,exposed,100,three,nove,4
p17s2,16.2788206,exposed,100,three,nove,4
p17s3,11.70469991,exposed,100,three,nove,4
p17s4,29.15475947,exposed,100,three,nove,4
p17s5,9.590046924,exposed,100,three,nove,4
p17s6,12.52996409,exposed,100,three,nove,4
p17s7,7.071067812,exposed,100,three,nove,4
p17s8,22.8035085,exposed,100,three,nove,4
p17s9,7.211102551,exposed,100,three,nove,4
p17s10,5,exposed,100,three,nove,4
p17s11,1,exposed,100,three,nove,4
p17s12,20.39607805,exposed,100,three,nove,4
p17s1,4.697669635,exposed,100,three,nove,5
p17s2,14.19887672,exposed,100,three,nove,5
p17s3,16.85906581,exposed,100,three,nove,5
p17s4,51.74117316,exposed,100,three,nove,5
p17s5,19.51840414,exposed,100,three,nove,5
p17s6,11.63306065,exposed,100,three,nove,5
p17s7,13.34166406,exposed,100,three,nove,5
p17s8,0,exposed,100,three,nove,5
p17s9,7.011996863,exposed,100,three,nove,5
p17s10,8.01049936,exposed,100,three,nove,5
p17s11,NA,exposed,100,three,nove,5
p17s12,10.65589508,exposed,100,three,nove,5
p17s1,4.043278373,exposed,100,three,nove,6
p17s2,14.97561351,exposed,100,three,nove,6
p17s3,16.71011969,exposed,100,three,nove,6
p17s4,44.73107421,exposed,100,three,nove,6
p17s5,4.130484233,exposed,100,three,nove,6
p17s6,9.65655218,exposed,100,three,nove,6
p17s7,5,exposed,100,three,nove,6
p17s8,6.32455532,exposed,100,three,nove,6
p17s9,2.77634652,exposed,100,three,nove,6
p17s10,2.59,exposed,100,three,nove,6
p17s11,NA,exposed,100,three,nove,6
p17s12,4.472135955,exposed,100,three,nove,6
p17s1,3.605551275,exposed,100,three,nove,7
p17s2,14.07082443,exposed,100,three,nove,7
p17s3,6.32455532,exposed,100,three,nove,7
p17s4,3.16227766,exposed,100,three,nove,7
p17s5,8.062257748,exposed,100,three,nove,7
p17s6,5.195007218,exposed,100,three,nove,7
p17s7,2.236067977,exposed,100,three,nove,7
p17s8,4.123105626,exposed,100,three,nove,7
p17s9,8.062257748,exposed,100,three,nove,7
p17s10,4.242640687,exposed,100,three,nove,7
p17s11,NA,exposed,100,three,nove,7
p17s12,14.09,exposed,100,three,nove,7
p17s1,4.697669635,exposed,100,three,nove,8
p17s2,7.280109889,exposed,100,three,nove,8
p17s3,10.44030651,exposed,100,three,nove,8
p17s4,7,exposed,100,three,nove,8
p17s5,18.78829423,exposed,100,three,nove,8
p17s6,3.152919282,exposed,100,three,nove,8
p17s7,5,exposed,100,three,nove,8
p17s8,8.062257748,exposed,100,three,nove,8
p17s9,7.655592727,exposed,100,three,nove,8
p17s10,6.088357742,exposed,100,three,nove,8
p17s11,3,exposed,100,three,nove,8
p17s12,9.876644167,exposed,100,three,nove,8
p17s1,5,exposed,100,three,nove,9
p17s2,2,exposed,100,three,nove,9
p17s3,6.90131147,exposed,100,three,nove,9
p17s4,0,exposed,100,three,nove,9
p17s5,4,exposed,100,three,nove,9
p17s6,13.15294644,exposed,100,three,nove,9
p17s7,3.16227766,exposed,100,three,nove,9
p17s8,7.071067812,exposed,100,three,nove,9
p17s9,8.062257748,exposed,100,three,nove,9
p17s10,8.485281374,exposed,100,three,nove,9
p17s11,2,exposed,100,three,nove,9
p17s12,6.708203932,exposed,100,three,nove,9
p17s1,4.241238027,exposed,100,three,nove,10
p17s2,17.69159405,exposed,100,three,nove,10
p17s3,3.027887052,exposed,100,three,nove,10
p17s4,2,exposed,100,three,nove,10
p17s5,2.59,exposed,100,three,nove,10
p17s6,2.041592516,exposed,100,three,nove,10
p17s7,1.414213562,exposed,100,three,nove,10
p17s8,5,exposed,100,three,nove,10
p17s9,4.669914346,exposed,100,three,nove,10
p17s10,5.550504482,exposed,100,three,nove,10
p17s11,3.605551275,exposed,100,three,nove,10
p17s12,1.72861216,exposed,100,three,nove,10
p18s1,42.69545936,control,100,three,nove,1
p18s2,40.44801911,control,100,three,nove,1
p18s3,33.62948483,control,100,three,nove,1
p18s4,11.18982797,control,100,three,nove,1
p18s5,22.34440086,control,100,three,nove,1
p18s6,11.18982797,control,100,three,nove,1
p18s7,46.14392972,control,100,three,nove,1
p18s8,12.77467221,control,100,three,nove,1
p18s9,3.335003748,control,100,three,nove,1
p18s10,NA,control,100,three,nove,1
p18s11,30.74316591,control,100,three,nove,1
p18s12,NA,control,100,three,nove,1
p18s1,15,control,100,three,nove,2
p18s2,NA,control,100,three,nove,2
p18s3,13.00849338,control,100,three,nove,2
p18s4,NA,control,100,three,nove,2
p18s5,44.10215414,control,100,three,nove,2
p18s6,21.09502311,control,100,three,nove,2
p18s7,12.20655562,control,100,three,nove,2
p18s8,21.16053166,control,100,three,nove,2
p18s9,17.4642492,control,100,three,nove,2
p18s10,NA,control,100,three,nove,2
p18s11,NA,control,100,three,nove,2
p18s12,NA,control,100,three,nove,2
p18s1,9.219544457,control,100,three,nove,3
p18s2,NA,control,100,three,nove,3
p18s3,26.92582404,control,100,three,nove,3
p18s4,NA,control,100,three,nove,3
p18s5,3.605551275,control,100,three,nove,3
p18s6,22.81990578,control,100,three,nove,3
p18s7,20.09975124,control,100,three,nove,3
p18s8,17,control,100,three,nove,3
p18s9,15.39766541,control,100,three,nove,3
p18s10,13.36443414,control,100,three,nove,3
p18s11,NA,control,100,three,nove,3
p18s12,NA,control,100,three,nove,3
p18s1,27.89265136,control,100,three,nove,4
p18s2,NA,control,100,three,nove,4
p18s3,9.486832981,control,100,three,nove,4
p18s4,NA,control,100,three,nove,4
p18s5,6.403124237,control,100,three,nove,4
p18s6,3.953239178,control,100,three,nove,4
p18s7,4.472135955,control,100,three,nove,4
p18s8,2,control,100,three,nove,4
p18s9,25.05992817,control,100,three,nove,4
p18s10,13.0210637,control,100,three,nove,4
p18s11,26.22037566,control,100,three,nove,4
p18s12,NA,control,100,three,nove,4
p18s1,7.071067812,control,100,three,nove,5
p18s2,NA,control,100,three,nove,5
p18s3,10.04987562,control,100,three,nove,5
p18s4,NA,control,100,three,nove,5
p18s5,17.80449381,control,100,three,nove,5
p18s6,15.23154621,control,100,three,nove,5
p18s7,5,control,100,three,nove,5
p18s8,29.73213749,control,100,three,nove,5
p18s9,12.36931688,control,100,three,nove,5
p18s10,8.544003745,control,100,three,nove,5
p18s11,8.485281374,control,100,three,nove,5
p18s12,NA,control,100,three,nove,5
p18s1,2,control,100,three,nove,6
p18s2,NA,control,100,three,nove,6
p18s3,4.123105626,control,100,three,nove,6
p18s4,NA,control,100,three,nove,6
p18s5,8.062257748,control,100,three,nove,6
p18s6,7.211102551,control,100,three,nove,6
p18s7,4,control,100,three,nove,6
p18s8,6.708203932,control,100,three,nove,6
p18s9,7.211102551,control,100,three,nove,6
p18s10,8.062257748,control,100,three,nove,6
p18s11,136.3157397,control,100,three,nove,6
p18s12,NA,control,100,three,nove,6
p18s1,1.414213562,control,100,three,nove,7
p18s2,NA,control,100,three,nove,7
p18s3,3.605551275,control,100,three,nove,7
p18s4,NA,control,100,three,nove,7
p18s5,7.280109889,control,100,three,nove,7
p18s6,5,control,100,three,nove,7
p18s7,1.414213562,control,100,three,nove,7
p18s8,2.236067977,control,100,three,nove,7
p18s9,2,control,100,three,nove,7
p18s10,6.708203932,control,100,three,nove,7
p18s11,5.099019514,control,100,three,nove,7
p18s12,NA,control,100,three,nove,7
p18s1,0,control,100,three,nove,8
p18s2,NA,control,100,three,nove,8
p18s3,13.45362405,control,100,three,nove,8
p18s4,NA,control,100,three,nove,8
p18s5,3.16227766,control,100,three,nove,8
p18s6,8.062257748,control,100,three,nove,8
p18s7,4.123105626,control,100,three,nove,8
p18s8,10,control,100,three,nove,8
p18s9,7.810249676,control,100,three,nove,8
p18s10,4.472135955,control,100,three,nove,8
p18s11,10.63014581,control,100,three,nove,8
p18s12,NA,control,100,three,nove,8
p18s1,6,control,100,three,nove,9
p18s2,NA,control,100,three,nove,9
p18s3,18.02732371,control,100,three,nove,9
p18s4,NA,control,100,three,nove,9
p18s5,0,control,100,three,nove,9
p18s6,10,control,100,three,nove,9
p18s7,8.602325267,control,100,three,nove,9
p18s8,9.055385138,control,100,three,nove,9
p18s9,3,control,100,three,nove,9
p18s10,7.071067812,control,100,three,nove,9
p18s11,15.29705854,control,100,three,nove,9
p18s12,NA,control,100,three,nove,9
p18s1,4,control,100,three,nove,10
p18s2,NA,control,100,three,nove,10
p18s3,2,control,100,three,nove,10
p18s4,NA,control,100,three,nove,10
p18s5,0,control,100,three,nove,10
p18s6,0,control,100,three,nove,10
p18s7,4.472135955,control,100,three,nove,10
p18s8,5,control,100,three,nove,10
p18s9,4.123105626,control,100,three,nove,10
p18s10,2.236067977,control,100,three,nove,10
p18s11,2.828427125,control,100,three,nove,10
p18s12,NA,control,100,three,nove,10
