ID,Day,Plot,Active.,Height,treatment,cover,row
p1s1,1,Plot1,Y,0,control,100,one
p1s2,1,Plot1,Y,0,control,100,one
p1s3,1,Plot1,Y,0,control,100,one
p1s4,1,Plot1,Y,0,control,100,one
p1s5,1,Plot1,Y,1,control,100,one
p1s6,1,Plot1,Y,10,control,100,one
p1s7,1,Plot1,Y,1,control,100,one
p1s8,1,Plot1,Y,0,control,100,one
p1s9,1,Plot1,Y,0,control,100,one
p1s10,1,Plot1,Y,16,control,100,one
p1s12,1,Plot1,Y,7,control,100,one
p1s1,1,Plot2,Y,14,exposed,100,one
p1s2,1,Plot2,Y,6,exposed,100,one
p1s3,1,Plot2,N,16,exposed,100,one
p1s4,1,Plot2,N,4,exposed,100,one
p1s5,1,Plot2,N,16,exposed,100,one
p1s6,1,Plot2,N,17,exposed,100,one
p1s7,1,Plot2,N,19,exposed,100,one
p1s8,1,Plot2,Y,17,exposed,100,one
p1s9,1,Plot2,N,17,exposed,100,one
p1s10,1,Plot2,N,13,exposed,100,one
p1s11,1,Plot2,N,18,exposed,100,one
p1s12,1,Plot2,Y,15,exposed,100,one
p1s1,1,Plot3,Y,3,exposed,60,one
p1s2,1,Plot3,N,12,exposed,60,one
p1s3,1,Plot3,Y,18,exposed,60,one
p1s4,1,Plot3,N,7,exposed,60,one
p1s5,1,Plot3,Y,2,exposed,60,one
p1s6,1,Plot3,N,9,exposed,60,one
p1s7,1,Plot3,N,15,exposed,60,one
p1s8,1,Plot3,N,4,exposed,60,one
p1s9,1,Plot3,N,16,exposed,60,one
p1s10,1,Plot3,N,14,exposed,60,one
p1s11,1,Plot3,Y,14,exposed,60,one
p1s12,1,Plot3,Y,14,exposed,60,one
p1s1,1,Plot4,Y,0,control,60,one
p1s2,1,Plot4,Y,4,control,60,one
p1s4,1,Plot4,Y,1,control,60,one
p1s5,1,Plot4,Y,0,control,60,one
p1s6,1,Plot4,Y,1,control,60,one
p1s7,1,Plot4,Y,0,control,60,one
p1s8,1,Plot4,Y,0,control,60,one
p1s9,1,Plot4,Y,2,control,60,one
p1s10,1,Plot4,Y,3,control,60,one
p1s11,1,Plot4,Y,1,control,60,one
p1s12,1,Plot4,Y,4,control,60,one
p1s2,1,Plot5,Y,0,control,30,one
p1s3,1,Plot5,Y,0,control,30,one
p1s4,1,Plot5,Y,2,control,30,one
p1s5,1,Plot5,Y,0,control,30,one
p1s6,1,Plot5,Y,0,control,30,one
p1s7,1,Plot5,Y,0,control,30,one
p1s8,1,Plot5,Y,0,control,30,one
p1s10,1,Plot5,Y,0,control,30,one
p1s1,1,Plot6,N,9,exposed,30,one
p1s2,1,Plot6,N,22,exposed,30,one
p1s3,1,Plot6,Y,0,exposed,30,one
p1s4,1,Plot6,N,22,exposed,30,one
p1s5,1,Plot6,N,0,exposed,30,one
p1s6,1,Plot6,N,15,exposed,30,one
p1s7,1,Plot6,N,10,exposed,30,one
p1s8,1,Plot6,N,17,exposed,30,one
p1s9,1,Plot6,N,15,exposed,30,one
p1s10,1,Plot6,Y,0,exposed,30,one
p1s11,1,Plot6,N,9,exposed,30,one
p1s12,1,Plot6,N,4,exposed,30,one
p1s1,1,Plot7,Y,0,control,30,two
p1s2,1,Plot7,Y,2,control,30,two
p1s3,1,Plot7,Y,1,control,30,two
p1s4,1,Plot7,Y,4,control,30,two
p1s5,1,Plot7,Y,0,control,30,two
p1s6,1,Plot7,Y,2,control,30,two
p1s8,1,Plot7,Y,4,control,30,two
p1s9,1,Plot7,Y,0,control,30,two
p1s11,1,Plot7,Y,1,control,30,two
p1s12,1,Plot7,Y,0,control,30,two
p1s1,1,Plot8,N,11,exposed,30,two
p1s2,1,Plot8,N,13,exposed,30,two
p1s3,1,Plot8,Y,7,exposed,30,two
p1s4,1,Plot8,N,12,exposed,30,two
p1s5,1,Plot8,Y,4,exposed,30,two
p1s6,1,Plot8,N,4,exposed,30,two
p1s7,1,Plot8,N,8,exposed,30,two
p1s8,1,Plot8,N,8,exposed,30,two
p1s9,1,Plot8,N,8,exposed,30,two
p1s10,1,Plot8,N,7,exposed,30,two
p1s11,1,Plot8,Y,0,exposed,30,two
p1s12,1,Plot8,N,6,exposed,30,two
p1s1,1,Plot9,N,23,exposed,100,two
p1s2,1,Plot9,N,25,exposed,100,two
p1s3,1,Plot9,N,17,exposed,100,two
p1s4,1,Plot9,N,14,exposed,100,two
p1s5,1,Plot9,N,15,exposed,100,two
p1s6,1,Plot9,N,13,exposed,100,two
p1s7,1,Plot9,N,20,exposed,100,two
p1s8,1,Plot9,N,14,exposed,100,two
p1s9,1,Plot9,N,11,exposed,100,two
p1s10,1,Plot9,N,16,exposed,100,two
p1s11,1,Plot9,N,8,exposed,100,two
p1s12,1,Plot9,N,16,exposed,100,two
p1s1,1,Plot10,Y,2,control,100,two
p1s3,1,Plot10,N,17,control,100,two
p1s4,1,Plot10,Y,1,control,100,two
p1s5,1,Plot10,Y,9,control,100,two
p1s6,1,Plot10,Y,11,control,100,two
p1s7,1,Plot10,Y,6,control,100,two
p1s8,1,Plot10,Y,2,control,100,two
p1s9,1,Plot10,Y,4,control,100,two
p1s10,1,Plot10,Y,3,control,100,two
p1s11,1,Plot10,Y,4,control,100,two
p1s12,1,Plot10,Y,1,control,100,two
p2s1,1,Plot11,Y,7,control,60,two
p2s2,1,Plot11,Y,4,control,60,two
p2s3,1,Plot11,Y,7,control,60,two
p2s4,1,Plot11,Y,5,control,60,two
p2s6,1,Plot11,Y,9,control,60,two
p2s7,1,Plot11,Y,2,control,60,two
p2s8,1,Plot11,Y,2,control,60,two
p2s9,1,Plot11,Y,16,control,60,two
p2s10,1,Plot11,Y,2,control,60,two
p2s11,1,Plot11,Y,0,control,60,two
p2s12,1,Plot11,Y,3,control,60,two
p2s1,1,Plot12,Y,5,exposed,60,two
p2s2,1,Plot12,N,14,exposed,60,two
p2s3,1,Plot12,N,10,exposed,60,two
p2s4,1,Plot12,N,2,exposed,60,two
p2s5,1,Plot12,Y,21,exposed,60,two
p2s6,1,Plot12,N,1,exposed,60,two
p2s7,1,Plot12,N,15,exposed,60,two
p2s8,1,Plot12,N,20,exposed,60,two
p2s9,1,Plot12,N,13,exposed,60,two
p2s10,1,Plot12,Y,6,exposed,60,two
p2s11,1,Plot12,Y,6,exposed,60,two
p2s12,1,Plot12,N,12,exposed,60,two
p2s1,1,Plot13,Y,12,control,60,three
p2s3,1,Plot13,Y,0,control,60,three
p2s4,1,Plot13,Y,0,control,60,three
p2s5,1,Plot13,Y,4,control,60,three
p2s6,1,Plot13,Y,0,control,60,three
p2s7,1,Plot13,Y,5,control,60,three
p2s8,1,Plot13,Y,12,control,60,three
p2s9,1,Plot13,Y,4,control,60,three
p2s10,1,Plot13,Y,0,control,60,three
p2s11,1,Plot13,Y,0,control,60,three
p2s12,1,Plot13,Y,0,control,60,three
p2s1,1,Plot14,Y,26,exposed,60,three
p2s2,1,Plot14,Y,0,exposed,60,three
p2s3,1,Plot14,N,22,exposed,60,three
p2s4,1,Plot14,N,18,exposed,60,three
p2s5,1,Plot14,Y,2,exposed,60,three
p2s6,1,Plot14,N,13,exposed,60,three
p2s8,1,Plot14,Y,18,exposed,60,three
p2s9,1,Plot14,N,0,exposed,60,three
p2s10,1,Plot14,Y,20,exposed,60,three
p2s11,1,Plot14,Y,14,exposed,60,three
p2s12,1,Plot14,Y,3,exposed,60,three
p2s2,1,Plot15,Y,1,exposed,30,three
p2s3,1,Plot15,N,17,exposed,30,three
p2s4,1,Plot15,N,20,exposed,30,three
p2s5,1,Plot15,Y,0,exposed,30,three
p2s6,1,Plot15,N,16,exposed,30,three
p2s7,1,Plot15,Y,0,exposed,30,three
p2s9,1,Plot15,N,18,exposed,30,three
p2s10,1,Plot15,N,8,exposed,30,three
p2s11,1,Plot15,N,25,exposed,30,three
p2s12,1,Plot15,N,7,exposed,30,three
p2s1,1,Plot16,Y,5,control,30,three
p2s3,1,Plot16,Y,3,control,30,three
p2s4,1,Plot16,Y,8,control,30,three
p2s5,1,Plot16,Y,12,control,30,three
p2s6,1,Plot16,Y,6,control,30,three
p2s7,1,Plot16,Y,8,control,30,three
p2s8,1,Plot16,Y,16,control,30,three
p2s9,1,Plot16,Y,2,control,30,three
p2s10,1,Plot16,Y,7,control,30,three
p2s11,1,Plot16,Y,8,control,30,three
p2s12,1,Plot16,Y,1,control,30,three
p2s1,1,Plot17,N,27,exposed,100,three
p2s2,1,Plot17,N,14,exposed,100,three
p2s3,1,Plot17,N,10,exposed,100,three
p2s4,1,Plot17,Y,5,exposed,100,three
p2s5,1,Plot17,N,12,exposed,100,three
p2s6,1,Plot17,Y,23,exposed,100,three
p2s7,1,Plot17,N,19,exposed,100,three
p2s8,1,Plot17,Y,6,exposed,100,three
p2s9,1,Plot17,Y,24,exposed,100,three
p2s10,1,Plot17,Y,25,exposed,100,three
p2s11,1,Plot17,N,4,exposed,100,three
p2s12,1,Plot17,Y,12,exposed,100,three
p2s1,1,Plot18,Y,5,control,100,three
p2s2,1,Plot18,Y,18,control,100,three
p2s3,1,Plot18,Y,10,control,100,three
p2s4,1,Plot18,Y,8,control,100,three
p2s5,1,Plot18,Y,19,control,100,three
p2s6,1,Plot18,Y,6,control,100,three
p2s7,1,Plot18,Y,3,control,100,three
p2s8,1,Plot18,Y,11,control,100,three
p2s9,1,Plot18,Y,8,control,100,three
p2s11,1,Plot18,Y,13,control,100,three
p2s1,2,Plot1,Y,1,control,100,one
p2s2,2,Plot1,Y,0,control,100,one
p2s3,2,Plot1,Y,8,control,100,one
p2s4,2,Plot1,Y,6,control,100,one
p2s5,2,Plot1,Y,12,control,100,one
p2s6,2,Plot1,Y,12,control,100,one
p2s8,2,Plot1,Y,6,control,100,one
p2s9,2,Plot1,Y,0,control,100,one
p2s10,2,Plot1,Y,1,control,100,one
p2s12,2,Plot1,Y,0,control,100,one
p2s1,2,Plot2,Y,14,exposed,100,one
p2s2,2,Plot2,Y,2,exposed,100,one
p2s3,2,Plot2,N,19,exposed,100,one
p2s4,2,Plot2,N,10,exposed,100,one
p2s5,2,Plot2,N,15,exposed,100,one
p2s6,2,Plot2,Y,17,exposed,100,one
p2s7,2,Plot2,N,20,exposed,100,one
p2s8,2,Plot2,Y,2,exposed,100,one
p2s9,2,Plot2,N,19,exposed,100,one
p2s10,2,Plot2,Y,19,exposed,100,one
p2s11,2,Plot2,N,18,exposed,100,one
p2s12,2,Plot2,Y,18,exposed,100,one
p3s1,2,Plot3,Y,7,exposed,60,one
p3s2,2,Plot3,Y,6,exposed,60,one
p3s3,2,Plot3,Y,14,exposed,60,one
p3s4,2,Plot3,Y,6,exposed,60,one
p3s5,2,Plot3,Y,8,exposed,60,one
p3s6,2,Plot3,Y,10,exposed,60,one
p3s7,2,Plot3,Y,12,exposed,60,one
p3s8,2,Plot3,N,7,exposed,60,one
p3s9,2,Plot3,Y,16,exposed,60,one
p3s10,2,Plot3,Y,16,exposed,60,one
p3s11,2,Plot3,Y,17,exposed,60,one
p3s12,2,Plot3,Y,11,exposed,60,one
p3s1,2,Plot4,Y,1,control,60,one
p3s2,2,Plot4,Y,6,control,60,one
p3s4,2,Plot4,Y,3,control,60,one
p3s5,2,Plot4,Y,2,control,60,one
p3s6,2,Plot4,Y,1,control,60,one
p3s7,2,Plot4,Y,1,control,60,one
p3s8,2,Plot4,Y,1,control,60,one
p3s9,2,Plot4,Y,9,control,60,one
p3s10,2,Plot4,Y,1,control,60,one
p3s11,2,Plot4,Y,0,control,60,one
p3s12,2,Plot4,Y,7,control,60,one
p3s1,2,Plot5,Y,0,control,30,one
p3s2,2,Plot5,Y,0,control,30,one
p3s3,2,Plot5,Y,5,control,30,one
p3s4,2,Plot5,Y,2,control,30,one
p3s5,2,Plot5,Y,0,control,30,one
p3s6,2,Plot5,Y,0,control,30,one
p3s7,2,Plot5,Y,0,control,30,one
p3s8,2,Plot5,Y,1,control,30,one
p3s10,2,Plot5,Y,0,control,30,one
p3s11,2,Plot5,Y,2,control,30,one
p3s1,2,Plot6,Y,7,exposed,30,one
p3s2,2,Plot6,N,22,exposed,30,one
p3s3,2,Plot6,Y,0,exposed,30,one
p3s4,2,Plot6,Y,19,exposed,30,one
p3s5,2,Plot6,Y,0,exposed,30,one
p3s6,2,Plot6,N,20,exposed,30,one
p3s7,2,Plot6,N,19,exposed,30,one
p3s8,2,Plot6,N,23,exposed,30,one
p3s9,2,Plot6,Y,9,exposed,30,one
p3s10,2,Plot6,Y,0,exposed,30,one
p3s11,2,Plot6,N,13,exposed,30,one
p3s12,2,Plot6,N,11,exposed,30,one
p3s1,2,Plot7,Y,6,control,30,two
p3s2,2,Plot7,Y,6,control,30,two
p3s3,2,Plot7,Y,0,control,30,two
p3s4,2,Plot7,Y,0,control,30,two
p3s5,2,Plot7,Y,3,control,30,two
p3s6,2,Plot7,Y,0,control,30,two
p3s9,2,Plot7,Y,0,control,30,two
p3s10,2,Plot7,Y,2,control,30,two
p3s11,2,Plot7,Y,4,control,30,two
p3s12,2,Plot7,Y,0,control,30,two
p3s1,2,Plot8,Y,8,exposed,30,two
p3s2,2,Plot8,Y,6,exposed,30,two
p3s3,2,Plot8,Y,13,exposed,30,two
p3s4,2,Plot8,Y,5,exposed,30,two
p3s5,2,Plot8,Y,9,exposed,30,two
p3s6,2,Plot8,N,15,exposed,30,two
p3s7,2,Plot8,N,12,exposed,30,two
p3s8,2,Plot8,N,19,exposed,30,two
p3s9,2,Plot8,Y,4,exposed,30,two
p3s10,2,Plot8,N,12,exposed,30,two
p3s11,2,Plot8,N,0,exposed,30,two
p3s12,2,Plot8,Y,7,exposed,30,two
p3s1,2,Plot9,N,17,exposed,100,two
p3s2,2,Plot9,N,12,exposed,100,two
p3s3,2,Plot9,Y,2,exposed,100,two
p3s4,2,Plot9,Y,4,exposed,100,two
p3s5,2,Plot9,N,8,exposed,100,two
p3s6,2,Plot9,N,13,exposed,100,two
p3s7,2,Plot9,N,19,exposed,100,two
p3s8,2,Plot9,N,17,exposed,100,two
p3s9,2,Plot9,N,18,exposed,100,two
p3s10,2,Plot9,N,19,exposed,100,two
p3s11,2,Plot9,N,10,exposed,100,two
p3s12,2,Plot9,Y,7,exposed,100,two
p3s1,2,Plot10,Y,0,control,100,two
p3s3,2,Plot10,Y,3,control,100,two
p3s4,2,Plot10,Y,2,control,100,two
p3s5,2,Plot10,Y,0,control,100,two
p3s6,2,Plot10,Y,12,control,100,two
p3s7,2,Plot10,Y,0,control,100,two
p3s8,2,Plot10,Y,0,control,100,two
p3s9,2,Plot10,Y,2,control,100,two
p3s10,2,Plot10,Y,1,control,100,two
p3s11,2,Plot10,Y,0,control,100,two
p3s12,2,Plot10,Y,3,control,100,two
p3s1,2,Plot11,Y,0,control,60,two
p3s2,2,Plot11,Y,5,control,60,two
p3s4,2,Plot11,Y,5,control,60,two
p3s5,2,Plot11,Y,2,control,60,two
p3s6,2,Plot11,Y,0,control,60,two
p3s7,2,Plot11,Y,2,control,60,two
p3s8,2,Plot11,Y,13,control,60,two
p3s10,2,Plot11,Y,1,control,60,two
p3s11,2,Plot11,Y,0,control,60,two
p3s12,2,Plot11,Y,1,control,60,two
p3s1,2,Plot12,Y,6,exposed,60,two
p3s2,2,Plot12,N,12,exposed,60,two
p3s3,2,Plot12,Y,6,exposed,60,two
p3s4,2,Plot12,N,20,exposed,60,two
p3s5,2,Plot12,Y,21,exposed,60,two
p3s6,2,Plot12,Y,3,exposed,60,two
p3s7,2,Plot12,N,19,exposed,60,two
p3s8,2,Plot12,N,24,exposed,60,two
p3s9,2,Plot12,N,22,exposed,60,two
p3s10,2,Plot12,Y,7,exposed,60,two
p3s11,2,Plot12,Y,7,exposed,60,two
p3s12,2,Plot12,N,17,exposed,60,two
p4s1,2,Plot13,Y,9,control,60,three
p4s2,2,Plot13,Y,1,control,60,three
p4s3,2,Plot13,Y,2,control,60,three
p4s6,2,Plot13,Y,0,control,60,three
p4s7,2,Plot13,Y,0,control,60,three
p4s8,2,Plot13,Y,0,control,60,three
p4s9,2,Plot13,Y,0,control,60,three
p4s10,2,Plot13,Y,10,control,60,three
p4s11,2,Plot13,Y,1,control,60,three
p4s12,2,Plot13,Y,5,control,60,three
p4s1,2,Plot14,N,18,exposed,60,three
p4s2,2,Plot14,Y,0,exposed,60,three
p4s3,2,Plot14,N,25,exposed,60,three
p4s4,2,Plot14,Y,14,exposed,60,three
p4s5,2,Plot14,Y,7,exposed,60,three
p4s6,2,Plot14,N,16,exposed,60,three
p4s7,2,Plot14,Y,13,exposed,60,three
p4s8,2,Plot14,N,21,exposed,60,three
p4s9,2,Plot14,Y,0,exposed,60,three
p4s10,2,Plot14,Y,10,exposed,60,three
p4s11,2,Plot14,Y,16,exposed,60,three
p4s12,2,Plot14,N,17,exposed,60,three
p4s2,2,Plot15,Y,6,exposed,30,three
p4s3,2,Plot15,N,14,exposed,30,three
p4s4,2,Plot15,N,17,exposed,30,three
p4s5,2,Plot15,Y,0,exposed,30,three
p4s6,2,Plot15,N,17,exposed,30,three
p4s7,2,Plot15,N,23,exposed,30,three
p4s8,2,Plot15,N,13,exposed,30,three
p4s9,2,Plot15,Y,7,exposed,30,three
p4s10,2,Plot15,N,15,exposed,30,three
p4s11,2,Plot15,N,18,exposed,30,three
p4s12,2,Plot15,Y,0,exposed,30,three
p4s1,2,Plot16,Y,1,control,30,three
p4s2,2,Plot16,Y,10,control,30,three
p4s3,2,Plot16,Y,1,control,30,three
p4s4,2,Plot16,Y,6,control,30,three
p4s5,2,Plot16,Y,10,control,30,three
p4s6,2,Plot16,Y,8,control,30,three
p4s7,2,Plot16,Y,13,control,30,three
p4s8,2,Plot16,Y,0,control,30,three
p4s9,2,Plot16,Y,13,control,30,three
p4s10,2,Plot16,Y,6,control,30,three
p4s11,2,Plot16,Y,13,control,30,three
p4s12,2,Plot16,Y,2,control,30,three
p4s1,2,Plot17,Y,10,exposed,100,three
p4s2,2,Plot17,Y,18,exposed,100,three
p4s3,2,Plot17,Y,16,exposed,100,three
p4s4,2,Plot17,Y,6,exposed,100,three
p4s6,2,Plot17,N,20,exposed,100,three
p4s7,2,Plot17,Y,9,exposed,100,three
p4s8,2,Plot17,Y,12,exposed,100,three
p4s9,2,Plot17,N,20,exposed,100,three
p4s10,2,Plot17,N,26,exposed,100,three
p4s11,2,Plot17,Y,0,exposed,100,three
p4s12,2,Plot17,Y,7,exposed,100,three
p4s1,2,Plot18,Y,12,control,100,three
p4s3,2,Plot18,Y,10,control,100,three
p4s5,2,Plot18,Y,14,control,100,three
p4s6,2,Plot18,Y,6,control,100,three
p4s7,2,Plot18,Y,18,control,100,three
p4s8,2,Plot18,Y,9,control,100,three
p4s9,2,Plot18,Y,11,control,100,three
p4s10,2,Plot18,Y,9,control,100,three
p4s1,3,Plot1,Y,7,control,100,one
p4s2,3,Plot1,Y,7,control,100,one
p4s3,3,Plot1,Y,0,control,100,one
p4s4,3,Plot1,Y,5,control,100,one
p4s5,3,Plot1,Y,13,control,100,one
p4s6,3,Plot1,Y,4,control,100,one
p4s8,3,Plot1,Y,17,control,100,one
p4s9,3,Plot1,Y,4,control,100,one
p4s10,3,Plot1,Y,8,control,100,one
p4s12,3,Plot1,Y,0,control,100,one
p4s1,3,Plot2,Y,19,exposed,100,one
p4s2,3,Plot2,Y,4,exposed,100,one
p4s3,3,Plot2,N,21,exposed,100,one
p4s4,3,Plot2,N,11,exposed,100,one
p4s5,3,Plot2,N,19,exposed,100,one
p4s6,3,Plot2,N,18,exposed,100,one
p4s7,3,Plot2,N,19,exposed,100,one
p4s8,3,Plot2,Y,8,exposed,100,one
p4s9,3,Plot2,N,24,exposed,100,one
p4s10,3,Plot2,N,20,exposed,100,one
p4s11,3,Plot2,N,18,exposed,100,one
p4s12,3,Plot2,Y,16,exposed,100,one
p4s1,3,Plot3,Y,8,exposed,60,one
p4s2,3,Plot3,Y,9,exposed,60,one
p4s3,3,Plot3,N,15,exposed,60,one
p4s4,3,Plot3,Y,6,exposed,60,one
p4s5,3,Plot3,N,13,exposed,60,one
p4s6,3,Plot3,Y,8,exposed,60,one
p4s7,3,Plot3,N,13,exposed,60,one
p4s8,3,Plot3,N,9,exposed,60,one
p4s9,3,Plot3,N,13,exposed,60,one
p4s10,3,Plot3,N,14,exposed,60,one
p4s11,3,Plot3,N,14,exposed,60,one
p4s12,3,Plot3,N,14,exposed,60,one
p4s1,3,Plot4,Y,3,control,60,one
p4s2,3,Plot4,Y,2,control,60,one
p4s4,3,Plot4,Y,1,control,60,one
p4s5,3,Plot4,Y,4,control,60,one
p4s6,3,Plot4,Y,0,control,60,one
p4s7,3,Plot4,Y,3,control,60,one
p4s8,3,Plot4,Y,3,control,60,one
p4s9,3,Plot4,Y,3,control,60,one
p4s10,3,Plot4,Y,9,control,60,one
p4s11,3,Plot4,Y,4,control,60,one
p4s12,3,Plot4,Y,3,control,60,one
p5s1,3,Plot5,Y,2,control,30,one
p5s2,3,Plot5,Y,2,control,30,one
p5s3,3,Plot5,Y,9,control,30,one
p5s4,3,Plot5,Y,2,control,30,one
p5s5,3,Plot5,Y,0,control,30,one
p5s6,3,Plot5,Y,0,control,30,one
p5s7,3,Plot5,Y,0,control,30,one
p5s8,3,Plot5,Y,0,control,30,one
p5s9,3,Plot5,Y,17,control,30,one
p5s10,3,Plot5,Y,1,control,30,one
p5s1,3,Plot6,N,12,exposed,30,one
p5s2,3,Plot6,N,12,exposed,30,one
p5s3,3,Plot6,N,0,exposed,30,one
p5s4,3,Plot6,N,24,exposed,30,one
p5s5,3,Plot6,N,3,exposed,30,one
p5s6,3,Plot6,N,17,exposed,30,one
p5s7,3,Plot6,N,22,exposed,30,one
p5s8,3,Plot6,N,26,exposed,30,one
p5s9,3,Plot6,N,10,exposed,30,one
p5s10,3,Plot6,N,0,exposed,30,one
p5s11,3,Plot6,N,15,exposed,30,one
p5s12,3,Plot6,N,17,exposed,30,one
p5s1,3,Plot7,Y,8,control,30,two
p5s2,3,Plot7,Y,1,control,30,two
p5s3,3,Plot7,Y,0,control,30,two
p5s4,3,Plot7,Y,3,control,30,two
p5s5,3,Plot7,Y,10,control,30,two
p5s6,3,Plot7,Y,14,control,30,two
p5s8,3,Plot7,Y,0,control,30,two
p5s9,3,Plot7,Y,2,control,30,two
p5s10,3,Plot7,Y,3,control,30,two
p5s11,3,Plot7,Y,8,control,30,two
p5s12,3,Plot7,Y,0,control,30,two
p5s1,3,Plot8,N,10,exposed,30,two
p5s2,3,Plot8,N,12,exposed,30,two
p5s3,3,Plot8,Y,13,exposed,30,two
p5s4,3,Plot8,Y,7,exposed,30,two
p5s5,3,Plot8,Y,9,exposed,30,two
p5s6,3,Plot8,N,8,exposed,30,two
p5s7,3,Plot8,Y,10,exposed,30,two
p5s8,3,Plot8,Y,17,exposed,30,two
p5s9,3,Plot8,Y,4,exposed,30,two
p5s10,3,Plot8,Y,6,exposed,30,two
p5s11,3,Plot8,Y,4,exposed,30,two
p5s12,3,Plot8,N,11,exposed,30,two
p5s1,3,Plot9,N,16,exposed,100,two
p5s2,3,Plot9,N,12,exposed,100,two
p5s3,3,Plot9,Y,7,exposed,100,two
p5s4,3,Plot9,Y,16,exposed,100,two
p5s5,3,Plot9,Y,9,exposed,100,two
p5s6,3,Plot9,Y,7,exposed,100,two
p5s7,3,Plot9,N,18,exposed,100,two
p5s8,3,Plot9,N,15,exposed,100,two
p5s9,3,Plot9,Y,8,exposed,100,two
p5s10,3,Plot9,Y,14,exposed,100,two
p5s11,3,Plot9,Y,14,exposed,100,two
p5s12,3,Plot9,Y,8,exposed,100,two
p5s1,3,Plot10,Y,3,control,100,two
p5s3,3,Plot10,Y,11,control,100,two
p5s4,3,Plot10,Y,4,control,100,two
p5s5,3,Plot10,Y,2,control,100,two
p5s6,3,Plot10,Y,4,control,100,two
p5s7,3,Plot10,Y,0,control,100,two
p5s8,3,Plot10,Y,2,control,100,two
p5s9,3,Plot10,Y,3,control,100,two
p5s10,3,Plot10,Y,3,control,100,two
p5s11,3,Plot10,Y,5,control,100,two
p5s12,3,Plot10,Y,3,control,100,two
p5s1,3,Plot11,Y,11,control,60,two
p5s2,3,Plot11,Y,11,control,60,two
p5s3,3,Plot11,Y,0,control,60,two
p5s4,3,Plot11,Y,2,control,60,two
p5s5,3,Plot11,Y,7,control,60,two
p5s6,3,Plot11,Y,1,control,60,two
p5s7,3,Plot11,Y,0,control,60,two
p5s8,3,Plot11,Y,0,control,60,two
p5s9,3,Plot11,Y,8,control,60,two
p5s10,3,Plot11,Y,12,control,60,two
p5s11,3,Plot11,Y,3,control,60,two
p5s12,3,Plot11,Y,0,control,60,two
p5s1,3,Plot12,Y,5,exposed,60,two
p5s2,3,Plot12,Y,13,exposed,60,two
p5s3,3,Plot12,Y,4,exposed,60,two
p5s4,3,Plot12,Y,4,exposed,60,two
p5s5,3,Plot12,Y,21,exposed,60,two
p5s6,3,Plot12,N,11,exposed,60,two
p5s7,3,Plot12,N,22,exposed,60,two
p5s8,3,Plot12,N,23,exposed,60,two
p5s9,3,Plot12,N,19,exposed,60,two
p5s10,3,Plot12,Y,10,exposed,60,two
p5s11,3,Plot12,Y,12,exposed,60,two
p5s12,3,Plot12,N,16,exposed,60,two
p5s1,3,Plot13,Y,2,control,60,three
p5s2,3,Plot13,Y,10,control,60,three
p5s3,3,Plot13,Y,10,control,60,three
p5s4,3,Plot13,Y,1,control,60,three
p5s5,3,Plot13,Y,2,control,60,three
p5s6,3,Plot13,Y,12,control,60,three
p5s7,3,Plot13,Y,7,control,60,three
p5s8,3,Plot13,Y,7,control,60,three
p5s9,3,Plot13,Y,4,control,60,three
p5s10,3,Plot13,Y,2,control,60,three
p5s11,3,Plot13,Y,4,control,60,three
p5s12,3,Plot13,Y,3,control,60,three
p5s1,3,Plot14,N,24,exposed,60,three
p5s2,3,Plot14,Y,0,exposed,60,three
p5s3,3,Plot14,N,19,exposed,60,three
p5s4,3,Plot14,Y,4,exposed,60,three
p5s5,3,Plot14,Y,4,exposed,60,three
p5s6,3,Plot14,N,15,exposed,60,three
p5s7,3,Plot14,N,22,exposed,60,three
p5s8,3,Plot14,N,32,exposed,60,three
p5s9,3,Plot14,N,18,exposed,60,three
p5s10,3,Plot14,Y,13,exposed,60,three
p5s11,3,Plot14,N,17,exposed,60,three
p5s12,3,Plot14,Y,15,exposed,60,three
p6s2,3,Plot15,N,18,exposed,30,three
p6s3,3,Plot15,Y,9,exposed,30,three
p6s4,3,Plot15,N,20,exposed,30,three
p6s5,3,Plot15,Y,0,exposed,30,three
p6s6,3,Plot15,N,30,exposed,30,three
p6s7,3,Plot15,N,22,exposed,30,three
p6s8,3,Plot15,N,10,exposed,30,three
p6s9,3,Plot15,N,17,exposed,30,three
p6s10,3,Plot15,N,15,exposed,30,three
p6s11,3,Plot15,N,22,exposed,30,three
p6s12,3,Plot15,Y,1,exposed,30,three
p6s1,3,Plot16,Y,6,control,30,three
p6s2,3,Plot16,Y,11,control,30,three
p6s3,3,Plot16,Y,12,control,30,three
p6s4,3,Plot16,Y,3,control,30,three
p6s5,3,Plot16,Y,23,control,30,three
p6s6,3,Plot16,Y,13,control,30,three
p6s7,3,Plot16,Y,10,control,30,three
p6s8,3,Plot16,Y,7,control,30,three
p6s9,3,Plot16,Y,15,control,30,three
p6s10,3,Plot16,Y,5,control,30,three
p6s11,3,Plot16,Y,14,control,30,three
p6s12,3,Plot16,Y,16,control,30,three
p6s1,3,Plot17,Y,22,exposed,100,three
p6s2,3,Plot17,Y,18,exposed,100,three
p6s3,3,Plot17,Y,5,exposed,100,three
p6s4,3,Plot17,Y,18,exposed,100,three
p6s5,3,Plot17,Y,23,exposed,100,three
p6s6,3,Plot17,N,20,exposed,100,three
p6s7,3,Plot17,Y,12,exposed,100,three
p6s8,3,Plot17,Y,6,exposed,100,three
p6s9,3,Plot17,N,20,exposed,100,three
p6s10,3,Plot17,Y,26,exposed,100,three
p6s11,3,Plot17,Y,17,exposed,100,three
p6s12,3,Plot17,Y,18,exposed,100,three
p6s1,3,Plot18,Y,11,control,100,three
p6s3,3,Plot18,Y,7,control,100,three
p6s5,3,Plot18,Y,10,control,100,three
p6s6,3,Plot18,Y,12,control,100,three
p6s7,3,Plot18,Y,14,control,100,three
p6s8,3,Plot18,Y,14,control,100,three
p6s9,3,Plot18,Y,10,control,100,three
p6s10,3,Plot18,Y,9,control,100,three
p6s11,3,Plot18,Y,11,control,100,three
p6s1,4,Plot1,Y,4,control,100,one
p6s2,4,Plot1,Y,9,control,100,one
p6s3,4,Plot1,Y,2,control,100,one
p6s4,4,Plot1,Y,4,control,100,one
p6s5,4,Plot1,Y,0,control,100,one
p6s6,4,Plot1,Y,1,control,100,one
p6s8,4,Plot1,Y,4,control,100,one
p6s9,4,Plot1,Y,3,control,100,one
p6s10,4,Plot1,Y,11,control,100,one
p6s12,4,Plot1,Y,4,control,100,one
p6s1,4,Plot2,Y,10,exposed,100,one
p6s2,4,Plot2,Y,13,exposed,100,one
p6s3,4,Plot2,N,18,exposed,100,one
p6s4,4,Plot2,N,13,exposed,100,one
p6s5,4,Plot2,N,18,exposed,100,one
p6s6,4,Plot2,N,25,exposed,100,one
p6s7,4,Plot2,Y,13,exposed,100,one
p6s8,4,Plot2,Y,2,exposed,100,one
p6s9,4,Plot2,Y,12,exposed,100,one
p6s10,4,Plot2,N,19,exposed,100,one
p6s11,4,Plot2,N,15,exposed,100,one
p6s12,4,Plot2,N,22,exposed,100,one
p6s1,4,Plot3,Y,4,exposed,60,one
p6s2,4,Plot3,Y,6,exposed,60,one
p6s3,4,Plot3,N,15,exposed,60,one
p6s4,4,Plot3,Y,4,exposed,60,one
p6s5,4,Plot3,N,10,exposed,60,one
p6s6,4,Plot3,Y,7,exposed,60,one
p6s7,4,Plot3,Y,8,exposed,60,one
p6s8,4,Plot3,Y,10,exposed,60,one
p6s9,4,Plot3,N,15,exposed,60,one
p6s10,4,Plot3,N,19,exposed,60,one
p6s11,4,Plot3,Y,12,exposed,60,one
p6s12,4,Plot3,N,17,exposed,60,one
p6s1,4,Plot4,Y,10,control,60,one
p6s2,4,Plot4,Y,13,control,60,one
p6s4,4,Plot4,Y,13,control,60,one
p6s5,4,Plot4,Y,6,control,60,one
p6s6,4,Plot4,Y,4,control,60,one
p6s7,4,Plot4,Y,4,control,60,one
p6s8,4,Plot4,Y,6,control,60,one
p6s9,4,Plot4,Y,4,control,60,one
p6s10,4,Plot4,Y,10,control,60,one
p6s11,4,Plot4,Y,5,control,60,one
p6s12,4,Plot4,Y,7,control,60,one
p6s1,4,Plot5,Y,1,control,30,one
p6s2,4,Plot5,Y,0,control,30,one
p6s3,4,Plot5,Y,0,control,30,one
p6s4,4,Plot5,Y,0,control,30,one
p6s5,4,Plot5,Y,0,control,30,one
p6s6,4,Plot5,Y,0,control,30,one
p6s7,4,Plot5,Y,1,control,30,one
p6s8,4,Plot5,Y,0,control,30,one
p6s9,4,Plot5,Y,0,control,30,one
p6s10,4,Plot5,Y,3,control,30,one
p6s1,4,Plot6,N,18,exposed,30,one
p6s2,4,Plot6,Y,6,exposed,30,one
p6s3,4,Plot6,N,19,exposed,30,one
p6s4,4,Plot6,N,20,exposed,30,one
p6s5,4,Plot6,N,18,exposed,30,one
p6s6,4,Plot6,N,16,exposed,30,one
p6s7,4,Plot6,N,19,exposed,30,one
p6s8,4,Plot6,N,19,exposed,30,one
p6s9,4,Plot6,Y,20,exposed,30,one
p6s10,4,Plot6,N,0,exposed,30,one
p6s11,4,Plot6,N,22,exposed,30,one
p6s12,4,Plot6,N,15,exposed,30,one
p7s1,4,Plot7,Y,1,control,30,two
p7s2,4,Plot7,Y,10,control,30,two
p7s3,4,Plot7,Y,0,control,30,two
p7s4,4,Plot7,Y,3,control,30,two
p7s5,4,Plot7,Y,13,control,30,two
p7s6,4,Plot7,Y,3,control,30,two
p7s7,4,Plot7,Y,5,control,30,two
p7s8,4,Plot7,Y,4,control,30,two
p7s9,4,Plot7,Y,5,control,30,two
p7s10,4,Plot7,Y,2,control,30,two
p7s11,4,Plot7,Y,2,control,30,two
p7s12,4,Plot7,Y,0,control,30,two
p7s1,4,Plot8,N,10,exposed,30,two
p7s2,4,Plot8,Y,4,exposed,30,two
p7s3,4,Plot8,Y,3,exposed,30,two
p7s4,4,Plot8,Y,9,exposed,30,two
p7s5,4,Plot8,Y,8,exposed,30,two
p7s6,4,Plot8,N,15,exposed,30,two
p7s7,4,Plot8,N,9,exposed,30,two
p7s8,4,Plot8,Y,13,exposed,30,two
p7s9,4,Plot8,Y,4,exposed,30,two
p7s10,4,Plot8,Y,11,exposed,30,two
p7s11,4,Plot8,N,25,exposed,30,two
p7s12,4,Plot8,N,19,exposed,30,two
p7s1,4,Plot9,N,25,exposed,100,two
p7s2,4,Plot9,N,15,exposed,100,two
p7s3,4,Plot9,Y,13,exposed,100,two
p7s5,4,Plot9,N,26,exposed,100,two
p7s6,4,Plot9,Y,2,exposed,100,two
p7s7,4,Plot9,Y,12,exposed,100,two
p7s8,4,Plot9,N,12,exposed,100,two
p7s9,4,Plot9,Y,10,exposed,100,two
p7s10,4,Plot9,Y,12,exposed,100,two
p7s11,4,Plot9,N,12,exposed,100,two
p7s12,4,Plot9,Y,10,exposed,100,two
p7s1,4,Plot10,y,13,control,100,two
p7s2,4,Plot10,y,8,control,100,two
p7s3,4,Plot10,y,13,control,100,two
p7s4,4,Plot10,y,3,control,100,two
p7s5,4,Plot10,y,7,control,100,two
p7s6,4,Plot10,y,12,control,100,two
p7s7,4,Plot10,y,6,control,100,two
p7s9,4,Plot10,y,2,control,100,two
p7s10,4,Plot10,y,9,control,100,two
p7s11,4,Plot10,y,1,control,100,two
p7s12,4,Plot10,y,4,control,100,two
p7s1,4,Plot11,Y,8,control,60,two
p7s2,4,Plot11,Y,2,control,60,two
p7s3,4,Plot11,Y,0,control,60,two
p7s4,4,Plot11,Y,6,control,60,two
p7s5,4,Plot11,Y,3,control,60,two
p7s6,4,Plot11,Y,1,control,60,two
p7s7,4,Plot11,Y,0,control,60,two
p7s8,4,Plot11,Y,6,control,60,two
p7s9,4,Plot11,Y,5,control,60,two
p7s10,4,Plot11,Y,4,control,60,two
p7s11,4,Plot11,Y,12,control,60,two
p7s12,4,Plot11,Y,1,control,60,two
p7s1,4,Plot12,Y,10,exposed,60,two
p7s2,4,Plot12,N,14,exposed,60,two
p7s3,4,Plot12,N,15,exposed,60,two
p7s4,4,Plot12,Y,0,exposed,60,two
p7s5,4,Plot12,N,12,exposed,60,two
p7s6,4,Plot12,Y,3,exposed,60,two
p7s7,4,Plot12,N,17,exposed,60,two
p7s8,4,Plot12,N,22,exposed,60,two
p7s9,4,Plot12,N,22,exposed,60,two
p7s10,4,Plot12,Y,16,exposed,60,two
p7s11,4,Plot12,N,14,exposed,60,two
p7s12,4,Plot12,N,20,exposed,60,two
p7s1,4,Plot13,Y,1,control,60,three
p7s2,4,Plot13,Y,3,control,60,three
p7s3,4,Plot13,Y,2,control,60,three
p7s4,4,Plot13,Y,4,control,60,three
p7s5,4,Plot13,Y,6,control,60,three
p7s6,4,Plot13,Y,0,control,60,three
p7s7,4,Plot13,Y,2,control,60,three
p7s8,4,Plot13,Y,6,control,60,three
p7s9,4,Plot13,Y,4,control,60,three
p7s10,4,Plot13,Y,16,control,60,three
p7s11,4,Plot13,Y,3,control,60,three
p7s12,4,Plot13,Y,6,control,60,three
p7s1,4,Plot14,N,30,exposed,60,three
p7s2,4,Plot14,Y,0,exposed,60,three
p7s3,4,Plot14,Y,15,exposed,60,three
p7s4,4,Plot14,Y,7,exposed,60,three
p7s5,4,Plot14,N,19,exposed,60,three
p7s6,4,Plot14,N,30,exposed,60,three
p7s7,4,Plot14,N,21,exposed,60,three
p7s8,4,Plot14,N,27,exposed,60,three
p7s9,4,Plot14,N,20,exposed,60,three
p7s10,4,Plot14,N,10,exposed,60,three
p7s11,4,Plot14,Y,12,exposed,60,three
p7s12,4,Plot14,N,14,exposed,60,three
p7s1,4,Plot15,Y,4,exposed,30,three
p7s2,4,Plot15,N,20,exposed,30,three
p7s3,4,Plot15,Y,5,exposed,30,three
p7s4,4,Plot15,Y,3,exposed,30,three
p7s5,4,Plot15,Y,0,exposed,30,three
p7s6,4,Plot15,N,22,exposed,30,three
p7s7,4,Plot15,N,19,exposed,30,three
p7s8,4,Plot15,N,6,exposed,30,three
p7s9,4,Plot15,Y,3,exposed,30,three
p7s10,4,Plot15,N,26,exposed,30,three
p7s11,4,Plot15,N,27,exposed,30,three
p7s12,4,Plot15,Y,4,exposed,30,three
p7s1,4,Plot16,Y,4,control,30,three
p7s2,4,Plot16,Y,5,control,30,three
p7s3,4,Plot16,Y,5,control,30,three
p7s4,4,Plot16,Y,24,control,30,three
p7s5,4,Plot16,Y,5,control,30,three
p7s6,4,Plot16,Y,9,control,30,three
p7s7,4,Plot16,Y,8,control,30,three
p7s8,4,Plot16,N,30,control,30,three
p7s9,4,Plot16,Y,5,control,30,three
p7s10,4,Plot16,Y,7,control,30,three
p7s11,4,Plot16,Y,12,control,30,three
p7s12,4,Plot16,Y,0,control,30,three
p8s1,4,Plot17,N,22,exposed,100,three
p8s2,4,Plot17,N,31,exposed,100,three
p8s3,4,Plot17,Y,7,exposed,100,three
p8s4,4,Plot17,Y,11,exposed,100,three
p8s5,4,Plot17,N,20,exposed,100,three
p8s6,4,Plot17,N,18,exposed,100,three
p8s7,4,Plot17,N,12,exposed,100,three
p8s8,4,Plot17,Y,12,exposed,100,three
p8s9,4,Plot17,N,30,exposed,100,three
p8s10,4,Plot17,N,34,exposed,100,three
p8s11,4,Plot17,Y,6,exposed,100,three
p8s12,4,Plot17,Y,23,exposed,100,three
p8s1,4,Plot18,Y,18,control,100,three
p8s3,4,Plot18,Y,16,control,100,three
p8s5,4,Plot18,Y,15,control,100,three
p8s6,4,Plot18,Y,16,control,100,three
p8s7,4,Plot18,Y,13,control,100,three
p8s8,4,Plot18,Y,14,control,100,three
p8s9,4,Plot18,Y,11,control,100,three
p8s10,4,Plot18,Y,10,control,100,three
p8s11,4,Plot18,Y,18,control,100,three
p8s1,5,Plot1,Y,1,control,100,one
p8s2,5,Plot1,Y,9,control,100,one
p8s3,5,Plot1,Y,2,control,100,one
p8s4,5,Plot1,Y,8,control,100,one
p8s5,5,Plot1,Y,3,control,100,one
p8s6,5,Plot1,Y,3,control,100,one
p8s8,5,Plot1,Y,8,control,100,one
p8s9,5,Plot1,Y,33,control,100,one
p8s10,5,Plot1,Y,2,control,100,one
p8s12,5,Plot1,Y,1,control,100,one
p8s1,5,Plot2,Y,8,exposed,100,one
p8s2,5,Plot2,Y,13,exposed,100,one
p8s3,5,Plot2,N,16,exposed,100,one
p8s4,5,Plot2,Y,10,exposed,100,one
p8s5,5,Plot2,N,22,exposed,100,one
p8s6,5,Plot2,N,17,exposed,100,one
p8s7,5,Plot2,N,15,exposed,100,one
p8s8,5,Plot2,Y,12,exposed,100,one
p8s9,5,Plot2,Y,9,exposed,100,one
p8s10,5,Plot2,N,20,exposed,100,one
p8s11,5,Plot2,Y,15,exposed,100,one
p8s12,5,Plot2,Y,13,exposed,100,one
p8s1,5,Plot3,Y,15,exposed,60,one
p8s2,5,Plot3,Y,13,exposed,60,one
p8s3,5,Plot3,N,15,exposed,60,one
p8s4,5,Plot3,Y,9,exposed,60,one
p8s5,5,Plot3,Y,2,exposed,60,one
p8s6,5,Plot3,Y,7,exposed,60,one
p8s7,5,Plot3,Y,18,exposed,60,one
p8s8,5,Plot3,Y,16,exposed,60,one
p8s9,5,Plot3,Y,20,exposed,60,one
p8s10,5,Plot3,N,9,exposed,60,one
p8s11,5,Plot3,Y,5,exposed,60,one
p8s12,5,Plot3,N,9,exposed,60,one
p8s1,5,Plot4,Y,5,control,60,one
p8s2,5,Plot4,Y,2,control,60,one
p8s4,5,Plot4,Y,2,control,60,one
p8s5,5,Plot4,Y,2,control,60,one
p8s6,5,Plot4,Y,1,control,60,one
p8s7,5,Plot4,Y,2,control,60,one
p8s8,5,Plot4,Y,1,control,60,one
p8s9,5,Plot4,Y,3,control,60,one
p8s10,5,Plot4,Y,6,control,60,one
p8s11,5,Plot4,Y,2,control,60,one
p8s12,5,Plot4,Y,2,control,60,one
p8s1,5,Plot5,Y,1,control,30,one
p8s2,5,Plot5,Y,1,control,30,one
p8s3,5,Plot5,Y,1,control,30,one
p8s4,5,Plot5,Y,1,control,30,one
p8s5,5,Plot5,Y,1,control,30,one
p8s6,5,Plot5,Y,0,control,30,one
p8s7,5,Plot5,Y,1,control,30,one
p8s8,5,Plot5,Y,0,control,30,one
p8s9,5,Plot5,Y,0,control,30,one
p8s10,5,Plot5,Y,1,control,30,one
p8s1,5,Plot6,Y,19,exposed,30,one
p8s2,5,Plot6,Y,6,exposed,30,one
p8s3,5,Plot6,Y,7,exposed,30,one
p8s4,5,Plot6,N,14,exposed,30,one
p8s5,5,Plot6,Y,10,exposed,30,one
p8s6,5,Plot6,N,13,exposed,30,one
p8s7,5,Plot6,Y,6,exposed,30,one
p8s8,5,Plot6,Y,9,exposed,30,one
p8s9,5,Plot6,Y,2,exposed,30,one
p8s10,5,Plot6,Y,0,exposed,30,one
p8s11,5,Plot6,N,22,exposed,30,one
p8s12,5,Plot6,N,19,exposed,30,one
p8s1,5,Plot7,Y,3,control,30,two
p8s2,5,Plot7,Y,4,control,30,two
p8s3,5,Plot7,Y,0,control,30,two
p8s5,5,Plot7,Y,7,control,30,two
p8s6,5,Plot7,Y,9,control,30,two
p8s7,5,Plot7,Y,9,control,30,two
p8s8,5,Plot7,Y,1,control,30,two
p8s10,5,Plot7,Y,4,control,30,two
p8s11,5,Plot7,Y,1,control,30,two
p8s1,5,Plot8,N,13,exposed,30,two
p8s2,5,Plot8,Y,10,exposed,30,two
p8s3,5,Plot8,Y,4,exposed,30,two
p8s4,5,Plot8,Y,5,exposed,30,two
p8s5,5,Plot8,Y,5,exposed,30,two
p8s6,5,Plot8,Y,17,exposed,30,two
p8s7,5,Plot8,Y,9,exposed,30,two
p8s8,5,Plot8,N,14,exposed,30,two
p8s9,5,Plot8,Y,7,exposed,30,two
p8s11,5,Plot8,N,18,exposed,30,two
p8s12,5,Plot8,N,22,exposed,30,two
p9s1,5,Plot9,N,19,exposed,100,two
p9s2,5,Plot9,Y,7,exposed,100,two
p9s3,5,Plot9,N,7,exposed,100,two
p9s5,5,Plot9,Y,12,exposed,100,two
p9s6,5,Plot9,Y,6,exposed,100,two
p9s7,5,Plot9,N,6,exposed,100,two
p9s8,5,Plot9,N,11,exposed,100,two
p9s9,5,Plot9,Y,9,exposed,100,two
p9s10,5,Plot9,N,10,exposed,100,two
p9s11,5,Plot9,N,12,exposed,100,two
p9s12,5,Plot9,N,5,exposed,100,two
p9s1,5,Plot10,Y,5,control,100,two
p9s2,5,Plot10,Y,7,control,100,two
p9s4,5,Plot10,Y,3,control,100,two
p9s5,5,Plot10,Y,2,control,100,two
p9s6,5,Plot10,Y,4,control,100,two
p9s7,5,Plot10,Y,9,control,100,two
p9s9,5,Plot10,Y,3,control,100,two
p9s10,5,Plot10,Y,4,control,100,two
p9s11,5,Plot10,Y,9,control,100,two
p9s12,5,Plot10,Y,3,control,100,two
p9s1,5,Plot11,Y,7,control,60,two
p9s2,5,Plot11,Y,2,control,60,two
p9s3,5,Plot11,Y,5,control,60,two
p9s4,5,Plot11,Y,1,control,60,two
p9s5,5,Plot11,Y,4,control,60,two
p9s6,5,Plot11,Y,7,control,60,two
p9s7,5,Plot11,Y,5,control,60,two
p9s8,5,Plot11,Y,4,control,60,two
p9s9,5,Plot11,Y,6,control,60,two
p9s10,5,Plot11,Y,11,control,60,two
p9s11,5,Plot11,Y,6,control,60,two
p9s12,5,Plot11,Y,2,control,60,two
p9s1,5,Plot12,Y,10,exposed,60,two
p9s2,5,Plot12,Y,8,exposed,60,two
p9s3,5,Plot12,Y,3,exposed,60,two
p9s4,5,Plot12,N,27,exposed,60,two
p9s5,5,Plot12,N,14,exposed,60,two
p9s6,5,Plot12,Y,9,exposed,60,two
p9s7,5,Plot12,N,20,exposed,60,two
p9s8,5,Plot12,N,23,exposed,60,two
p9s9,5,Plot12,N,22,exposed,60,two
p9s10,5,Plot12,Y,12,exposed,60,two
p9s11,5,Plot12,N,17,exposed,60,two
p9s12,5,Plot12,N,21,exposed,60,two
p9s1,5,Plot13,Y,2,control,60,three
p9s2,5,Plot13,Y,3,control,60,three
p9s3,5,Plot13,Y,3,control,60,three
p9s4,5,Plot13,Y,1,control,60,three
p9s5,5,Plot13,Y,2,control,60,three
p9s6,5,Plot13,Y,0,control,60,three
p9s7,5,Plot13,Y,1,control,60,three
p9s8,5,Plot13,Y,7,control,60,three
p9s9,5,Plot13,Y,2,control,60,three
p9s10,5,Plot13,Y,3,control,60,three
p9s11,5,Plot13,Y,3,control,60,three
p9s12,5,Plot13,Y,2,control,60,three
p9s1,5,Plot14,N,20,exposed,60,three
p9s2,5,Plot14,N,23,exposed,60,three
p9s3,5,Plot14,N,17,exposed,60,three
p9s4,5,Plot14,N,14,exposed,60,three
p9s5,5,Plot14,N,28,exposed,60,three
p9s6,5,Plot14,N,12,exposed,60,three
p9s7,5,Plot14,N,18,exposed,60,three
p9s8,5,Plot14,Y,8,exposed,60,three
p9s9,5,Plot14,N,12,exposed,60,three
p9s10,5,Plot14,Y,24,exposed,60,three
p9s11,5,Plot14,Y,11,exposed,60,three
p9s12,5,Plot14,N,13,exposed,60,three
p9s1,5,Plot15,N,9,exposed,30,three
p9s2,5,Plot15,Y,8,exposed,30,three
p9s3,5,Plot15,Y,8,exposed,30,three
p9s4,5,Plot15,Y,4,exposed,30,three
p9s5,5,Plot15,Y,0,exposed,30,three
p9s6,5,Plot15,Y,2,exposed,30,three
p9s7,5,Plot15,Y,11,exposed,30,three
p9s8,5,Plot15,Y,9,exposed,30,three
p9s9,5,Plot15,N,20,exposed,30,three
p9s10,5,Plot15,N,21,exposed,30,three
p9s12,5,Plot15,Y,4,exposed,30,three
p9s1,5,Plot16,Y,4,control,30,three
p9s2,5,Plot16,Y,5,control,30,three
p9s3,5,Plot16,Y,6,control,30,three
p9s4,5,Plot16,Y,5,control,30,three
p9s5,5,Plot16,Y,4,control,30,three
p9s6,5,Plot16,Y,5,control,30,three
p9s7,5,Plot16,Y,10,control,30,three
p9s8,5,Plot16,Y,7,control,30,three
p9s9,5,Plot16,Y,7,control,30,three
p9s10,5,Plot16,Y,7,control,30,three
p9s11,5,Plot16,Y,14,control,30,three
p9s12,5,Plot16,Y,3,control,30,three
p9s1,5,Plot17,Y,6,exposed,100,three
p9s2,5,Plot17,Y,32,exposed,100,three
p9s3,5,Plot17,Y,17,exposed,100,three
p9s4,5,Plot17,Y,15,exposed,100,three
p9s5,5,Plot17,N,14,exposed,100,three
p9s6,5,Plot17,Y,6,exposed,100,three
p9s7,5,Plot17,Y,9,exposed,100,three
p9s8,5,Plot17,Y,2,exposed,100,three
p9s9,5,Plot17,Y,15,exposed,100,three
p9s10,5,Plot17,N,29,exposed,100,three
p9s12,5,Plot17,N,20,exposed,100,three
p9s1,5,Plot18,Y,19,control,100,three
p9s3,5,Plot18,Y,4,control,100,three
p9s5,5,Plot18,Y,13,control,100,three
p9s6,5,Plot18,Y,14,control,100,three
p9s7,5,Plot18,Y,13,control,100,three
p9s8,5,Plot18,Y,12,control,100,three
p9s9,5,Plot18,Y,9,control,100,three
p9s10,5,Plot18,Y,15,control,100,three
p9s11,5,Plot18,Y,9,control,100,three
p10s2,6,Plot1,Y,1,control,100,one
p10s3,6,Plot1,Y,3,control,100,one
p10s4,6,Plot1,Y,8,control,100,one
p10s5,6,Plot1,Y,2,control,100,one
p10s6,6,Plot1,Y,2,control,100,one
p10s8,6,Plot1,Y,14,control,100,one
p10s9,6,Plot1,Y,2,control,100,one
p10s10,6,Plot1,Y,10,control,100,one
p10s12,6,Plot1,Y,1,control,100,one
p10s1,6,Plot2,N,9,exposed,100,one
p10s2,6,Plot2,Y,7,exposed,100,one
p10s3,6,Plot2,N,18,exposed,100,one
p10s4,6,Plot2,Y,9,exposed,100,one
p10s5,6,Plot2,Y,21,exposed,100,one
p10s6,6,Plot2,N,16,exposed,100,one
p10s7,6,Plot2,N,16,exposed,100,one
p10s8,6,Plot2,Y,5,exposed,100,one
p10s9,6,Plot2,Y,11,exposed,100,one
p10s10,6,Plot2,N,14,exposed,100,one
p10s11,6,Plot2,N,13,exposed,100,one
p10s12,6,Plot2,N,9,exposed,100,one
p10s1,6,Plot3,N,5,exposed,60,one
p10s2,6,Plot3,N,13,exposed,60,one
p10s3,6,Plot3,N,14,exposed,60,one
p10s4,6,Plot3,N,9.5,exposed,60,one
p10s5,6,Plot3,N,5,exposed,60,one
p10s6,6,Plot3,N,7,exposed,60,one
p10s7,6,Plot3,N,11,exposed,60,one
p10s8,6,Plot3,N,17,exposed,60,one
p10s9,6,Plot3,N,19,exposed,60,one
p10s10,6,Plot3,N,8,exposed,60,one
p10s11,6,Plot3,Y,5,exposed,60,one
p10s12,6,Plot3,N,8,exposed,60,one
p10s1,6,Plot4,Y,2,control,60,one
p10s2,6,Plot4,Y,3,control,60,one
p10s4,6,Plot4,Y,2,control,60,one
p10s5,6,Plot4,Y,3,control,60,one
p10s6,6,Plot4,Y,1,control,60,one
p10s7,6,Plot4,Y,2,control,60,one
p10s8,6,Plot4,Y,1,control,60,one
p10s9,6,Plot4,Y,1,control,60,one
p10s10,6,Plot4,Y,12,control,60,one
p10s11,6,Plot4,Y,3,control,60,one
p10s12,6,Plot4,Y,5,control,60,one
p10s1,6,Plot5,Y,1,control,30,one
p10s2,6,Plot5,Y,1,control,30,one
p10s3,6,Plot5,Y,1,control,30,one
p10s4,6,Plot5,Y,1,control,30,one
p10s5,6,Plot5,Y,1,control,30,one
p10s6,6,Plot5,Y,0,control,30,one
p10s7,6,Plot5,Y,1,control,30,one
p10s8,6,Plot5,Y,0,control,30,one
p10s9,6,Plot5,Y,0,control,30,one
p10s10,6,Plot5,Y,1,control,30,one
p10s1,6,Plot6,Y,2,exposed,30,one
p10s2,6,Plot6,N,7,exposed,30,one
p10s3,6,Plot6,N,7,exposed,30,one
p10s4,6,Plot6,N,13,exposed,30,one
p10s5,6,Plot6,N,6,exposed,30,one
p10s6,6,Plot6,N,14,exposed,30,one
p10s7,6,Plot6,N,6,exposed,30,one
p10s8,6,Plot6,N,9,exposed,30,one
p10s9,6,Plot6,Y,1,exposed,30,one
p10s10,6,Plot6,Y,0,exposed,30,one
p10s11,6,Plot6,N,23,exposed,30,one
p10s12,6,Plot6,N,10,exposed,30,one
p10s1,6,Plot7,Y,1,control,30,two
p10s2,6,Plot7,N,3,control,30,two
p10s3,6,Plot7,Y,0,control,30,two
p10s4,6,Plot7,Y,1,control,30,two
p10s5,6,Plot7,Y,1,control,30,two
p10s6,6,Plot7,Y,0,control,30,two
p10s7,6,Plot7,N,12,control,30,two
p10s8,6,Plot7,Y,1,control,30,two
p10s10,6,Plot7,Y,5,control,30,two
p10s11,6,Plot7,Y,1,control,30,two
p10s1,6,Plot8,N,12,exposed,30,two
p10s2,6,Plot8,N,9,exposed,30,two
p10s3,6,Plot8,Y,8,exposed,30,two
p10s4,6,Plot8,Y,4,exposed,30,two
p10s5,6,Plot8,Y,5,exposed,30,two
p10s6,6,Plot8,N,15,exposed,30,two
p10s7,6,Plot8,N,8,exposed,30,two
p10s8,6,Plot8,N,13,exposed,30,two
p10s9,6,Plot8,Y,3,exposed,30,two
p10s10,6,Plot8,Y,10,exposed,30,two
p10s11,6,Plot8,N,17,exposed,30,two
p10s12,6,Plot8,Y,7,exposed,30,two
p10s1,6,Plot9,N,10,exposed,100,two
p10s2,6,Plot9,N,9,exposed,100,two
p10s3,6,Plot9,N,7,exposed,100,two
p10s4,6,Plot9,Y,8,exposed,100,two
p10s5,6,Plot9,N,12,exposed,100,two
p10s6,6,Plot9,N,6,exposed,100,two
p10s7,6,Plot9,N,23,exposed,100,two
p10s8,6,Plot9,N,12,exposed,100,two
p10s9,6,Plot9,Y,3,exposed,100,two
p10s10,6,Plot9,N,13,exposed,100,two
p10s11,6,Plot9,N,11,exposed,100,two
p10s12,6,Plot9,Y,6,exposed,100,two
p10s1,6,Plot10,N,1,control,100,two
p10s2,6,Plot10,N,7,control,100,two
p10s4,6,Plot10,N,2,control,100,two
p10s5,6,Plot10,Y,1,control,100,two
p10s9,6,Plot10,Y,3,control,100,two
p10s10,6,Plot10,N,2,control,100,two
p10s11,6,Plot10,N,3,control,100,two
p10s12,6,Plot10,N,2,control,100,two
p11s1,6,Plot11,Y,7,control,60,two
p11s2,6,Plot11,Y,2,control,60,two
p11s3,6,Plot11,N,7,control,60,two
p11s4,6,Plot11,Y,4,control,60,two
p11s5,6,Plot11,Y,5,control,60,two
p11s6,6,Plot11,N,4,control,60,two
p11s7,6,Plot11,N,3,control,60,two
p11s8,6,Plot11,Y,2,control,60,two
p11s9,6,Plot11,N,10,control,60,two
p11s10,6,Plot11,N,2,control,60,two
p11s11,6,Plot11,N,11,control,60,two
p11s12,6,Plot11,Y,2,control,60,two
p11s1,6,Plot12,N,9,exposed,60,two
p11s2,6,Plot12,N,7,exposed,60,two
p11s3,6,Plot12,Y,3,exposed,60,two
p11s4,6,Plot12,N,22,exposed,60,two
p11s5,6,Plot12,N,10,exposed,60,two
p11s6,6,Plot12,N,7,exposed,60,two
p11s7,6,Plot12,N,10,exposed,60,two
p11s8,6,Plot12,N,23,exposed,60,two
p11s9,6,Plot12,N,22,exposed,60,two
p11s10,6,Plot12,N,11,exposed,60,two
p11s11,6,Plot12,N,17,exposed,60,two
p11s12,6,Plot12,N,16,exposed,60,two
p11s1,6,Plot13,N,1,control,60,three
p11s2,6,Plot13,N,1,control,60,three
p11s3,6,Plot13,N,5,control,60,three
p11s4,6,Plot13,N,1,control,60,three
p11s5,6,Plot13,N,2,control,60,three
p11s6,6,Plot13,N,0,control,60,three
p11s7,6,Plot13,N,2,control,60,three
p11s8,6,Plot13,N,4,control,60,three
p11s9,6,Plot13,N,3,control,60,three
p11s10,6,Plot13,Y,1,control,60,three
p11s11,6,Plot13,Y,3,control,60,three
p11s12,6,Plot13,N,4,control,60,three
p11s1,6,Plot14,N,11,exposed,60,three
p11s2,6,Plot14,N,19,exposed,60,three
p11s3,6,Plot14,N,11,exposed,60,three
p11s4,6,Plot14,N,10,exposed,60,three
p11s5,6,Plot14,N,28,exposed,60,three
p11s6,6,Plot14,N,12,exposed,60,three
p11s7,6,Plot14,N,16,exposed,60,three
p11s8,6,Plot14,N,12,exposed,60,three
p11s9,6,Plot14,N,13,exposed,60,three
p11s10,6,Plot14,N,17,exposed,60,three
p11s11,6,Plot14,N,4,exposed,60,three
p11s12,6,Plot14,N,13,exposed,60,three
p11s2,6,Plot15,N,8,exposed,30,three
p11s3,6,Plot15,N,4,exposed,30,three
p11s4,6,Plot15,N,12,exposed,30,three
p11s5,6,Plot15,N,0,exposed,30,three
p11s6,6,Plot15,N,2,exposed,30,three
p11s7,6,Plot15,N,10,exposed,30,three
p11s8,6,Plot15,N,2,exposed,30,three
p11s9,6,Plot15,N,3,exposed,30,three
p11s10,6,Plot15,N,26,exposed,30,three
p11s11,6,Plot15,N,19,exposed,30,three
p11s12,6,Plot15,N,1,exposed,30,three
p11s1,6,Plot16,N,4,control,30,three
p11s2,6,Plot16,N,5,control,30,three
p11s3,6,Plot16,N,4,control,30,three
p11s4,6,Plot16,N,3,control,30,three
p11s5,6,Plot16,Y,1,control,30,three
p11s6,6,Plot16,N,3,control,30,three
p11s7,6,Plot16,N,11,control,30,three
p11s8,6,Plot16,N,4,control,30,three
p11s9,6,Plot16,Y,1,control,30,three
p11s10,6,Plot16,N,4,control,30,three
p11s11,6,Plot16,N,7,control,30,three
p11s12,6,Plot16,Y,2,control,30,three
p11s1,6,Plot17,N,6,exposed,100,three
p11s2,6,Plot17,N,32,exposed,100,three
p11s3,6,Plot17,N,6,exposed,100,three
p11s4,6,Plot17,N,5,exposed,100,three
p11s5,6,Plot17,N,9,exposed,100,three
p11s6,6,Plot17,N,14,exposed,100,three
p11s7,6,Plot17,N,2,exposed,100,three
p11s8,6,Plot17,N,8,exposed,100,three
p11s9,6,Plot17,N,13,exposed,100,three
p11s10,6,Plot17,N,29,exposed,100,three
p11s12,6,Plot17,N,0,exposed,100,three
p11s1,6,Plot18,N,7,control,100,three
p11s3,6,Plot18,Y,3,control,100,three
p11s5,6,Plot18,N,15,control,100,three
p11s6,6,Plot18,N,10,control,100,three
p11s7,6,Plot18,N,11,control,100,three
p11s8,6,Plot18,N,12,control,100,three
p11s9,6,Plot18,N,8,control,100,three
p11s10,6,Plot18,N,9,control,100,three
p11s11,6,Plot18,N,5,control,100,three
p11s1,7,Plot1,Y,1,control,100,one
p11s2,7,Plot1,Y,1,control,100,one
p11s3,7,Plot1,Y,3,control,100,one
p11s4,7,Plot1,Y,5,control,100,one
p11s5,7,Plot1,Y,3,control,100,one
p11s6,7,Plot1,Y,2,control,100,one
p11s8,7,Plot1,N,19,control,100,one
p11s9,7,Plot1,Y,19,control,100,one
p11s10,7,Plot1,Y,2,control,100,one
p11s12,7,Plot1,Y,1,control,100,one
p11s1,7,Plot2,N,10,exposed,100,one
p11s2,7,Plot2,N,8,exposed,100,one
p11s3,7,Plot2,N,18,exposed,100,one
p11s4,7,Plot2,N,15,exposed,100,one
p11s5,7,Plot2,N,22,exposed,100,one
p11s6,7,Plot2,N,14,exposed,100,one
p11s7,7,Plot2,N,16,exposed,100,one
p11s8,7,Plot2,N,12,exposed,100,one
p11s9,7,Plot2,N,12,exposed,100,one
p11s10,7,Plot2,N,17,exposed,100,one
p11s11,7,Plot2,N,16,exposed,100,one
p11s12,7,Plot2,N,13,exposed,100,one
p12s1,7,Plot3,N,12,exposed,60,one
p12s2,7,Plot3,N,15,exposed,60,one
p12s3,7,Plot3,N,13,exposed,60,one
p12s4,7,Plot3,N,11,exposed,60,one
p12s5,7,Plot3,N,6,exposed,60,one
p12s6,7,Plot3,N,5,exposed,60,one
p12s7,7,Plot3,N,6,exposed,60,one
p12s8,7,Plot3,N,16,exposed,60,one
p12s9,7,Plot3,N,19,exposed,60,one
p12s10,7,Plot3,N,9,exposed,60,one
p12s11,7,Plot3,N,5,exposed,60,one
p12s12,7,Plot3,N,10,exposed,60,one
p12s1,7,Plot4,N,2,control,60,one
p12s2,7,Plot4,Y,1,control,60,one
p12s4,7,Plot4,N,7,control,60,one
p12s5,7,Plot4,Y,3,control,60,one
p12s6,7,Plot4,Y,1,control,60,one
p12s7,7,Plot4,N,2,control,60,one
p12s8,7,Plot4,Y,1,control,60,one
p12s9,7,Plot4,Y,1,control,60,one
p12s10,7,Plot4,Y,11,control,60,one
p12s11,7,Plot4,N,2,control,60,one
p12s12,7,Plot4,Y,7,control,60,one
p12s1,7,Plot5,Y,1,control,30,one
p12s2,7,Plot5,Y,1,control,30,one
p12s3,7,Plot5,N,6,control,30,one
p12s4,7,Plot5,Y,1,control,30,one
p12s5,7,Plot5,Y,1,control,30,one
p12s6,7,Plot5,N,0,control,30,one
p12s7,7,Plot5,Y,1,control,30,one
p12s8,7,Plot5,Y,0,control,30,one
p12s9,7,Plot5,Y,1,control,30,one
p12s10,7,Plot5,Y,1,control,30,one
p12s1,7,Plot6,N,8,exposed,30,one
p12s2,7,Plot6,Y,7,exposed,30,one
p12s3,7,Plot6,N,6,exposed,30,one
p12s4,7,Plot6,N,14,exposed,30,one
p12s5,7,Plot6,N,7,exposed,30,one
p12s6,7,Plot6,N,15,exposed,30,one
p12s7,7,Plot6,N,6,exposed,30,one
p12s8,7,Plot6,N,9,exposed,30,one
p12s9,7,Plot6,N,2,exposed,30,one
p12s10,7,Plot6,Y,0,exposed,30,one
p12s11,7,Plot6,N,22,exposed,30,one
p12s12,7,Plot6,N,12,exposed,30,one
p12s1,7,Plot7,Y,2,control,30,two
p12s2,7,Plot7,Y,3,control,30,two
p12s3,7,Plot7,N,0,control,30,two
p12s4,7,Plot7,Y,7,control,30,two
p12s5,7,Plot7,N,1,control,30,two
p12s6,7,Plot7,Y,3,control,30,two
p12s7,7,Plot7,Y,7,control,30,two
p12s8,7,Plot7,Y,1,control,30,two
p12s10,7,Plot7,Y,0,control,30,two
p12s11,7,Plot7,Y,1,control,30,two
p12s1,7,Plot8,N,12,exposed,30,two
p12s2,7,Plot8,N,7,exposed,30,two
p12s3,7,Plot8,N,9,exposed,30,two
p12s4,7,Plot8,N,5,exposed,30,two
p12s5,7,Plot8,N,3,exposed,30,two
p12s6,7,Plot8,N,18,exposed,30,two
p12s7,7,Plot8,N,8,exposed,30,two
p12s8,7,Plot8,N,15,exposed,30,two
p12s9,7,Plot8,N,3,exposed,30,two
p12s10,7,Plot8,N,12,exposed,30,two
p12s11,7,Plot8,N,17,exposed,30,two
p12s1,7,Plot9,N,9.5,exposed,100,two
p12s2,7,Plot9,N,7,exposed,100,two
p12s3,7,Plot9,N,6,exposed,100,two
p12s4,7,Plot9,Y,8,exposed,100,two
p12s5,7,Plot9,N,12,exposed,100,two
p12s6,7,Plot9,N,5,exposed,100,two
p12s7,7,Plot9,N,22,exposed,100,two
p12s8,7,Plot9,N,9,exposed,100,two
p12s9,7,Plot9,N,3,exposed,100,two
p12s10,7,Plot9,N,12,exposed,100,two
p12s11,7,Plot9,N,10,exposed,100,two
p12s12,7,Plot9,N,5,exposed,100,two
p12s1,7,Plot10,Y,1,control,100,two
p12s2,7,Plot10,Y,2,control,100,two
p12s4,7,Plot10,N,2,control,100,two
p12s5,7,Plot10,N,4,control,100,two
p12s7,7,Plot10,N,3,control,100,two
p12s9,7,Plot10,Y,8,control,100,two
p12s10,7,Plot10,Y,1,control,100,two
p12s11,7,Plot10,N,4,control,100,two
p12s12,7,Plot10,Y,2,control,100,two
p12s1,7,Plot11,N,8,control,60,two
p12s2,7,Plot11,Y,5,control,60,two
p12s3,7,Plot11,N,6,control,60,two
p12s4,7,Plot11,Y,3,control,60,two
p12s5,7,Plot11,Y,4,control,60,two
p12s6,7,Plot11,N,5,control,60,two
p12s7,7,Plot11,N,4,control,60,two
p12s8,7,Plot11,Y,1,control,60,two
p12s9,7,Plot11,Y,2,control,60,two
p12s10,7,Plot11,Y,1,control,60,two
p12s11,7,Plot11,N,9,control,60,two
p12s12,7,Plot11,Y,1,control,60,two
p12s1,7,Plot12,N,12,exposed,60,two
p12s2,7,Plot12,N,11,exposed,60,two
p12s3,7,Plot12,Y,2,exposed,60,two
p12s4,7,Plot12,N,6,exposed,60,two
p12s5,7,Plot12,Y,10,exposed,60,two
p12s6,7,Plot12,N,6,exposed,60,two
p12s7,7,Plot12,N,18,exposed,60,two
p12s8,7,Plot12,N,22,exposed,60,two
p12s9,7,Plot12,N,22,exposed,60,two
p12s10,7,Plot12,N,10,exposed,60,two
p12s11,7,Plot12,N,17,exposed,60,two
p12s12,7,Plot12,N,21,exposed,60,two
p13s1,7,Plot13,Y,4,control,60,three
p13s2,7,Plot13,Y,4,control,60,three
p13s3,7,Plot13,Y,4,control,60,three
p13s4,7,Plot13,Y,3,control,60,three
p13s5,7,Plot13,Y,1,control,60,three
p13s6,7,Plot13,Y,4,control,60,three
p13s7,7,Plot13,Y,2,control,60,three
p13s8,7,Plot13,Y,0,control,60,three
p13s9,7,Plot13,Y,2,control,60,three
p13s10,7,Plot13,Y,1,control,60,three
p13s11,7,Plot13,Y,1,control,60,three
p13s12,7,Plot13,Y,2,control,60,three
p13s1,7,Plot14,N,25,exposed,60,three
p13s2,7,Plot14,N,23,exposed,60,three
p13s3,7,Plot14,N,13,exposed,60,three
p13s4,7,Plot14,N,10,exposed,60,three
p13s5,7,Plot14,N,29,exposed,60,three
p13s6,7,Plot14,N,11,exposed,60,three
p13s7,7,Plot14,N,16,exposed,60,three
p13s8,7,Plot14,N,14,exposed,60,three
p13s9,7,Plot14,N,6,exposed,60,three
p13s10,7,Plot14,N,27,exposed,60,three
p13s11,7,Plot14,N,4,exposed,60,three
p13s12,7,Plot14,N,12,exposed,60,three
p13s2,7,Plot15,N,4,exposed,30,three
p13s3,7,Plot15,N,14,exposed,30,three
p13s4,7,Plot15,Y,9,exposed,30,three
p13s5,7,Plot15,N,2,exposed,30,three
p13s6,7,Plot15,N,2,exposed,30,three
p13s7,7,Plot15,N,10,exposed,30,three
p13s8,7,Plot15,N,1,exposed,30,three
p13s9,7,Plot15,N,4,exposed,30,three
p13s10,7,Plot15,N,26,exposed,30,three
p13s11,7,Plot15,N,7,exposed,30,three
p13s12,7,Plot15,Y,3,exposed,30,three
p13s1,7,Plot16,Y,4,control,30,three
p13s2,7,Plot16,N,9,control,30,three
p13s3,7,Plot16,Y,7,control,30,three
p13s4,7,Plot16,Y,3,control,30,three
p13s5,7,Plot16,Y,1,control,30,three
p13s6,7,Plot16,Y,4,control,30,three
p13s7,7,Plot16,Y,8,control,30,three
p13s8,7,Plot16,N,15,control,30,three
p13s9,7,Plot16,Y,3,control,30,three
p13s10,7,Plot16,Y,5,control,30,three
p13s11,7,Plot16,N,13,control,30,three
p13s12,7,Plot16,Y,2,control,30,three
p13s1,7,Plot17,N,6,exposed,100,three
p13s2,7,Plot17,N,30,exposed,100,three
p13s3,7,Plot17,Y,4,exposed,100,three
p13s4,7,Plot17,N,11,exposed,100,three
p13s5,7,Plot17,N,9,exposed,100,three
p13s6,7,Plot17,N,12,exposed,100,three
p13s7,7,Plot17,N,2,exposed,100,three
p13s8,7,Plot17,N,12,exposed,100,three
p13s9,7,Plot17,N,8,exposed,100,three
p13s10,7,Plot17,N,28,exposed,100,three
p13s11,7,Plot17,Y,8,exposed,100,three
p13s12,7,Plot17,N,20,exposed,100,three
p13s1,7,Plot18,N,17,control,100,three
p13s3,7,Plot18,Y,2,control,100,three
p13s5,7,Plot18,Y,7,control,100,three
p13s6,7,Plot18,N,9,control,100,three
p13s7,7,Plot18,Y,10,control,100,three
p13s8,7,Plot18,Y,7,control,100,three
p13s9,7,Plot18,Y,4,control,100,three
p13s10,7,Plot18,Y,12,control,100,three
p13s11,7,Plot18,Y,10,control,100,three
p13s1,8,Plot1,Y,1,control,100,one
p13s2,8,Plot1,N,19,control,100,one
p13s3,8,Plot1,Y,26,control,100,one
p13s4,8,Plot1,Y,3,control,100,one
p13s5,8,Plot1,Y,2,control,100,one
p13s6,8,Plot1,Y,1,control,100,one
p13s8,8,Plot1,Y,14,control,100,one
p13s9,8,Plot1,N,10,control,100,one
p13s10,8,Plot1,Y,2,control,100,one
p13s12,8,Plot1,Y,1,control,100,one
p13s1,8,Plot2,Y,15,exposed,100,one
p13s2,8,Plot2,Y,8,exposed,100,one
p13s3,8,Plot2,N,17,exposed,100,one
p13s4,8,Plot2,Y,14,exposed,100,one
p13s5,8,Plot2,N,11,exposed,100,one
p13s6,8,Plot2,N,20,exposed,100,one
p13s7,8,Plot2,N,17,exposed,100,one
p13s8,8,Plot2,Y,9,exposed,100,one
p13s9,8,Plot2,Y,9,exposed,100,one
p13s10,8,Plot2,N,16,exposed,100,one
p13s11,8,Plot2,N,18,exposed,100,one
p13s12,8,Plot2,Y,13,exposed,100,one
p13s1,8,Plot3,N,7,exposed,60,one
p13s2,8,Plot3,N,10,exposed,60,one
p13s3,8,Plot3,N,15,exposed,60,one
p13s4,8,Plot3,Y,15,exposed,60,one
p13s5,8,Plot3,Y,4,exposed,60,one
p13s6,8,Plot3,N,6,exposed,60,one
p13s7,8,Plot3,N,11,exposed,60,one
p13s8,8,Plot3,N,17.5,exposed,60,one
p13s9,8,Plot3,N,6,exposed,60,one
p13s10,8,Plot3,N,5,exposed,60,one
p13s11,8,Plot3,N,10,exposed,60,one
p13s12,8,Plot3,N,9,exposed,60,one
p13s1,8,Plot4,N,8,control,60,one
p13s2,8,Plot4,N,9,control,60,one
p13s4,8,Plot4,N,4,control,60,one
p13s5,8,Plot4,N,3,control,60,one
p13s6,8,Plot4,N,2,control,60,one
p13s7,8,Plot4,N,2,control,60,one
p13s8,8,Plot4,Y,0,control,60,one
p13s9,8,Plot4,Y,9,control,60,one
p13s10,8,Plot4,Y,11,control,60,one
p13s11,8,Plot4,Y,2,control,60,one
p13s12,8,Plot4,Y,2,control,60,one
p14s1,8,Plot5,Y,0,control,30,one
p14s2,8,Plot5,Y,0,control,30,one
p14s3,8,Plot5,Y,13,control,30,one
p14s4,8,Plot5,N,1,control,30,one
p14s5,8,Plot5,N,1,control,30,one
p14s6,8,Plot5,Y,0,control,30,one
p14s7,8,Plot5,Y,2,control,30,one
p14s8,8,Plot5,N,1,control,30,one
p14s9,8,Plot5,N,2,control,30,one
p14s10,8,Plot5,N,2,control,30,one
p14s1,8,Plot6,Y,8,exposed,30,one
p14s2,8,Plot6,N,12,exposed,30,one
p14s3,8,Plot6,N,6,exposed,30,one
p14s4,8,Plot6,N,12,exposed,30,one
p14s5,8,Plot6,N,21,exposed,30,one
p14s6,8,Plot6,N,13,exposed,30,one
p14s7,8,Plot6,Y,8,exposed,30,one
p14s8,8,Plot6,N,14,exposed,30,one
p14s9,8,Plot6,N,6,exposed,30,one
p14s10,8,Plot6,Y,0,exposed,30,one
p14s11,8,Plot6,Y,13,exposed,30,one
p14s12,8,Plot6,N,10,exposed,30,one
p14s1,8,Plot7,Y,3,control,30,two
p14s2,8,Plot7,Y,5,control,30,two
p14s3,8,Plot7,Y,2,control,30,two
p14s4,8,Plot7,Y,2,control,30,two
p14s5,8,Plot7,Y,2,control,30,two
p14s6,8,Plot7,Y,8,control,30,two
p14s7,8,Plot7,N,6,control,30,two
p14s8,8,Plot7,N,2,control,30,two
p14s9,8,Plot7,N,3,control,30,two
p14s10,8,Plot7,Y,3,control,30,two
p14s11,8,Plot7,N,20,control,30,two
p14s1,8,Plot8,N,12,exposed,30,two
p14s2,8,Plot8,Y,2,exposed,30,two
p14s3,8,Plot8,N,13,exposed,30,two
p14s4,8,Plot8,Y,5,exposed,30,two
p14s5,8,Plot8,N,5,exposed,30,two
p14s6,8,Plot8,N,16,exposed,30,two
p14s7,8,Plot8,N,7,exposed,30,two
p14s8,8,Plot8,N,12,exposed,30,two
p14s9,8,Plot8,N,5,exposed,30,two
p14s10,8,Plot8,N,14,exposed,30,two
p14s11,8,Plot8,N,8,exposed,30,two
p14s1,8,Plot9,N,11,exposed,100,two
p14s2,8,Plot9,N,6,exposed,100,two
p14s3,8,Plot9,N,5,exposed,100,two
p14s4,8,Plot9,Y,13,exposed,100,two
p14s5,8,Plot9,N,12,exposed,100,two
p14s6,8,Plot9,Y,1,exposed,100,two
p14s7,8,Plot9,N,29,exposed,100,two
p14s8,8,Plot9,N,10,exposed,100,two
p14s9,8,Plot9,Y,3,exposed,100,two
p14s10,8,Plot9,N,13,exposed,100,two
p14s11,8,Plot9,N,11,exposed,100,two
p14s12,8,Plot9,Y,2,exposed,100,two
p14s1,8,Plot10,Y,1,control,100,two
p14s2,8,Plot10,Y,5,control,100,two
p14s4,8,Plot10,Y,4,control,100,two
p14s5,8,Plot10,Y,5,control,100,two
p14s6,8,Plot10,N,6,control,100,two
p14s7,8,Plot10,Y,5,control,100,two
p14s9,8,Plot10,Y,4,control,100,two
p14s10,8,Plot10,N,5,control,100,two
p14s11,8,Plot10,Y,4,control,100,two
p14s12,8,Plot10,Y,2,control,100,two
p14s1,8,Plot11,Y,10,control,60,two
p14s2,8,Plot11,Y,4,control,60,two
p14s3,8,Plot11,Y,8,control,60,two
p14s4,8,Plot11,Y,5,control,60,two
p14s5,8,Plot11,Y,8,control,60,two
p14s6,8,Plot11,N,8,control,60,two
p14s7,8,Plot11,Y,3,control,60,two
p14s8,8,Plot11,Y,5,control,60,two
p14s9,8,Plot11,Y,4,control,60,two
p14s10,8,Plot11,N,3,control,60,two
p14s11,8,Plot11,Y,15,control,60,two
p14s12,8,Plot11,Y,1,control,60,two
p14s1,8,Plot12,N,9,exposed,60,two
p14s2,8,Plot12,Y,10,exposed,60,two
p14s3,8,Plot12,Y,1,exposed,60,two
p14s4,8,Plot12,Y,0,exposed,60,two
p14s5,8,Plot12,N,12,exposed,60,two
p14s6,8,Plot12,N,4,exposed,60,two
p14s7,8,Plot12,N,24,exposed,60,two
p14s8,8,Plot12,N,24,exposed,60,two
p14s9,8,Plot12,N,16,exposed,60,two
p14s10,8,Plot12,Y,2,exposed,60,two
p14s11,8,Plot12,N,16,exposed,60,two
p14s12,8,Plot12,N,18,exposed,60,two
p14s1,8,Plot13,N,2,control,60,three
p14s2,8,Plot13,N,2,control,60,three
p14s3,8,Plot13,N,3,control,60,three
p14s4,8,Plot13,Y,2,control,60,three
p14s5,8,Plot13,Y,0,control,60,three
p14s6,8,Plot13,Y,0,control,60,three
p14s7,8,Plot13,Y,2,control,60,three
p14s8,8,Plot13,N,5,control,60,three
p14s9,8,Plot13,N,3,control,60,three
p14s10,8,Plot13,Y,1,control,60,three
p14s11,8,Plot13,Y,9,control,60,three
p14s12,8,Plot13,Y,5,control,60,three
p14s1,8,Plot14,Y,13,exposed,60,three
p14s2,8,Plot14,Y,21,exposed,60,three
p14s3,8,Plot14,Y,10,exposed,60,three
p14s4,8,Plot14,N,14,exposed,60,three
p14s5,8,Plot14,N,28,exposed,60,three
p14s6,8,Plot14,N,10,exposed,60,three
p14s7,8,Plot14,N,15,exposed,60,three
p14s8,8,Plot14,N,16,exposed,60,three
p14s9,8,Plot14,N,12,exposed,60,three
p14s10,8,Plot14,N,30,exposed,60,three
p14s11,8,Plot14,N,2,exposed,60,three
p14s12,8,Plot14,Y,3,exposed,60,three
p15s2,8,Plot15,N,8,exposed,30,three
p15s3,8,Plot15,N,10,exposed,30,three
p15s4,8,Plot15,Y,2,exposed,30,three
p15s5,8,Plot15,N,0,exposed,30,three
p15s6,8,Plot15,Y,3,exposed,30,three
p15s7,8,Plot15,N,10,exposed,30,three
p15s8,8,Plot15,N,14,exposed,30,three
p15s9,8,Plot15,N,9,exposed,30,three
p15s10,8,Plot15,Y,6,exposed,30,three
p15s11,8,Plot15,N,23,exposed,30,three
p15s12,8,Plot15,Y,2,exposed,30,three
p15s1,8,Plot16,Y,3,control,30,three
p15s2,8,Plot16,N,6,control,30,three
p15s3,8,Plot16,Y,3,control,30,three
p15s4,8,Plot16,N,6,control,30,three
p15s5,8,Plot16,Y,3,control,30,three
p15s6,8,Plot16,N,5,control,30,three
p15s7,8,Plot16,N,8,control,30,three
p15s8,8,Plot16,N,5,control,30,three
p15s9,8,Plot16,Y,3,control,30,three
p15s10,8,Plot16,Y,2,control,30,three
p15s11,8,Plot16,N,16,control,30,three
p15s12,8,Plot16,N,2,control,30,three
p15s1,8,Plot17,N,17,exposed,100,three
p15s2,8,Plot17,Y,19,exposed,100,three
p15s3,8,Plot17,N,6,exposed,100,three
p15s4,8,Plot17,Y,7,exposed,100,three
p15s5,8,Plot17,Y,6,exposed,100,three
p15s6,8,Plot17,N,19,exposed,100,three
p15s7,8,Plot17,N,7,exposed,100,three
p15s8,8,Plot17,N,4,exposed,100,three
p15s9,8,Plot17,N,11,exposed,100,three
p15s10,8,Plot17,N,25,exposed,100,three
p15s11,8,Plot17,Y,6,exposed,100,three
p15s12,8,Plot17,N,12,exposed,100,three
p15s1,8,Plot18,N,6,control,100,three
p15s3,8,Plot18,Y,3,control,100,three
p15s5,8,Plot18,Y,9,control,100,three
p15s6,8,Plot18,N,11,control,100,three
p15s7,8,Plot18,Y,16,control,100,three
p15s8,8,Plot18,Y,8,control,100,three
p15s9,8,Plot18,Y,6,control,100,three
p15s10,8,Plot18,Y,4,control,100,three
p15s11,8,Plot18,Y,3,control,100,three
p15s1,9,Plot1,N,1,control,100,one
p15s2,9,Plot1,N,2,control,100,one
p15s3,9,Plot1,N,2,control,100,one
p15s4,9,Plot1,N,3,control,100,one
p15s5,9,Plot1,N,1,control,100,one
p15s6,9,Plot1,N,1,control,100,one
p15s8,9,Plot1,N,3,control,100,one
p15s9,9,Plot1,N,1,control,100,one
p15s10,9,Plot1,N,1,control,100,one
p15s12,9,Plot1,N,1,control,100,one
p15s1,9,Plot2,N,13,exposed,100,one
p15s2,9,Plot2,N,1,exposed,100,one
p15s3,9,Plot2,N,17,exposed,100,one
p15s4,9,Plot2,N,7,exposed,100,one
p15s5,9,Plot2,N,10,exposed,100,one
p15s6,9,Plot2,N,6,exposed,100,one
p15s7,9,Plot2,N,15,exposed,100,one
p15s8,9,Plot2,N,6,exposed,100,one
p15s9,9,Plot2,N,9,exposed,100,one
p15s10,9,Plot2,N,8,exposed,100,one
p15s11,9,Plot2,N,5,exposed,100,one
p15s12,9,Plot2,N,9,exposed,100,one
p15s1,9,Plot3,N,2,exposed,60,one
p15s2,9,Plot3,N,1,exposed,60,one
p15s3,9,Plot3,N,14,exposed,60,one
p15s4,9,Plot3,N,3,exposed,60,one
p15s5,9,Plot3,N,5,exposed,60,one
p15s6,9,Plot3,N,6,exposed,60,one
p15s7,9,Plot3,N,3,exposed,60,one
p15s8,9,Plot3,N,8,exposed,60,one
p15s9,9,Plot3,N,11,exposed,60,one
p15s10,9,Plot3,N,2,exposed,60,one
p15s11,9,Plot3,N,2,exposed,60,one
p15s12,9,Plot3,N,3,exposed,60,one
p15s1,9,Plot4,N,1,control,60,one
p15s2,9,Plot4,N,1,control,60,one
p15s4,9,Plot4,N,2,control,60,one
p15s5,9,Plot4,N,3,control,60,one
p15s6,9,Plot4,N,1,control,60,one
p15s7,9,Plot4,N,1,control,60,one
p15s8,9,Plot4,N,1,control,60,one
p15s9,9,Plot4,N,2,control,60,one
p15s10,9,Plot4,N,2,control,60,one
p15s11,9,Plot4,N,1,control,60,one
p15s12,9,Plot4,N,1,control,60,one
p15s1,9,Plot5,N,0,control,30,one
p15s2,9,Plot5,N,1,control,30,one
p15s3,9,Plot5,N,1,control,30,one
p15s4,9,Plot5,N,3,control,30,one
p15s5,9,Plot5,N,2,control,30,one
p15s6,9,Plot5,N,2,control,30,one
p15s7,9,Plot5,N,1,control,30,one
p15s8,9,Plot5,N,1,control,30,one
p15s9,9,Plot5,N,2,control,30,one
p15s10,9,Plot5,N,0,control,30,one
p15s1,9,Plot6,N,1,exposed,30,one
p15s2,9,Plot6,N,1,exposed,30,one
p15s3,9,Plot6,N,1,exposed,30,one
p15s4,9,Plot6,N,1,exposed,30,one
p15s5,9,Plot6,N,1,exposed,30,one
p15s6,9,Plot6,N,1,exposed,30,one
p15s7,9,Plot6,N,1,exposed,30,one
p15s8,9,Plot6,N,1,exposed,30,one
p15s9,9,Plot6,N,1,exposed,30,one
p15s10,9,Plot6,N,0,exposed,30,one
p15s11,9,Plot6,N,1,exposed,30,one
p15s12,9,Plot6,N,11,exposed,30,one
p16s1,9,Plot7,N,1,control,30,two
p16s2,9,Plot7,N,1,control,30,two
p16s3,9,Plot7,N,1,control,30,two
p16s4,9,Plot7,N,1,control,30,two
p16s5,9,Plot7,N,1,control,30,two
p16s6,9,Plot7,N,1,control,30,two
p16s7,9,Plot7,N,1,control,30,two
p16s8,9,Plot7,N,1,control,30,two
p16s10,9,Plot7,N,1,control,30,two
p16s11,9,Plot7,N,1,control,30,two
p16s1,9,Plot8,N,10,exposed,30,two
p16s2,9,Plot8,N,1,exposed,30,two
p16s3,9,Plot8,N,1,exposed,30,two
p16s4,9,Plot8,N,4,exposed,30,two
p16s5,9,Plot8,N,1,exposed,30,two
p16s6,9,Plot8,N,18,exposed,30,two
p16s7,9,Plot8,N,2,exposed,30,two
p16s8,9,Plot8,N,5,exposed,30,two
p16s9,9,Plot8,N,1,exposed,30,two
p16s10,9,Plot8,N,1,exposed,30,two
p16s11,9,Plot8,N,7,exposed,30,two
p16s1,9,Plot9,N,10,exposed,100,two
p16s2,9,Plot9,N,5,exposed,100,two
p16s3,9,Plot9,N,5,exposed,100,two
p16s4,9,Plot9,N,1,exposed,100,two
p16s5,9,Plot9,N,1,exposed,100,two
p16s6,9,Plot9,N,11,exposed,100,two
p16s7,9,Plot9,N,9,exposed,100,two
p16s8,9,Plot9,N,5,exposed,100,two
p16s9,9,Plot9,N,3,exposed,100,two
p16s10,9,Plot9,N,2,exposed,100,two
p16s11,9,Plot9,N,4,exposed,100,two
p16s12,9,Plot9,N,4,exposed,100,two
p16s1,9,Plot10,N,1,control,100,two
p16s2,9,Plot10,N,1,control,100,two
p16s4,9,Plot10,N,1,control,100,two
p16s5,9,Plot10,N,4,control,100,two
p16s6,9,Plot10,N,1,control,100,two
p16s9,9,Plot10,N,1,control,100,two
p16s10,9,Plot10,N,4,control,100,two
p16s11,9,Plot10,N,1,control,100,two
p16s12,9,Plot10,N,1,control,100,two
p16s1,9,Plot11,N,1,control,60,two
p16s2,9,Plot11,N,1,control,60,two
p16s3,9,Plot11,N,1,control,60,two
p16s4,9,Plot11,N,2,control,60,two
p16s5,9,Plot11,N,1,control,60,two
p16s6,9,Plot11,N,1,control,60,two
p16s7,9,Plot11,N,1,control,60,two
p16s8,9,Plot11,N,6,control,60,two
p16s9,9,Plot11,N,1,control,60,two
p16s10,9,Plot11,N,1,control,60,two
p16s11,9,Plot11,N,5,control,60,two
p16s12,9,Plot11,N,1,control,60,two
p16s1,9,Plot12,N,6,exposed,60,two
p16s2,9,Plot12,N,1,exposed,60,two
p16s3,9,Plot12,N,3,exposed,60,two
p16s4,9,Plot12,N,2,exposed,60,two
p16s5,9,Plot12,N,1,exposed,60,two
p16s6,9,Plot12,N,1,exposed,60,two
p16s7,9,Plot12,N,1,exposed,60,two
p16s8,9,Plot12,N,20,exposed,60,two
p16s9,9,Plot12,N,16,exposed,60,two
p16s10,9,Plot12,N,1,exposed,60,two
p16s11,9,Plot12,N,8,exposed,60,two
p16s12,9,Plot12,N,11,exposed,60,two
p16s1,9,Plot13,N,1,control,60,three
p16s2,9,Plot13,N,1,control,60,three
p16s3,9,Plot13,N,1,control,60,three
p16s4,9,Plot13,N,1,control,60,three
p16s5,9,Plot13,N,1,control,60,three
p16s6,9,Plot13,N,0,control,60,three
p16s7,9,Plot13,N,1,control,60,three
p16s8,9,Plot13,N,1,control,60,three
p16s9,9,Plot13,N,1,control,60,three
p16s10,9,Plot13,N,1,control,60,three
p16s11,9,Plot13,N,1,control,60,three
p16s12,9,Plot13,N,1,control,60,three
p16s1,9,Plot14,N,1,exposed,60,three
p16s2,9,Plot14,N,2,exposed,60,three
p16s3,9,Plot14,N,7,exposed,60,three
p16s4,9,Plot14,N,2,exposed,60,three
p16s5,9,Plot14,N,2,exposed,60,three
p16s6,9,Plot14,N,12,exposed,60,three
p16s7,9,Plot14,N,0,exposed,60,three
p16s8,9,Plot14,N,6,exposed,60,three
p16s9,9,Plot14,N,3,exposed,60,three
p16s10,9,Plot14,N,4,exposed,60,three
p16s11,9,Plot14,N,1,exposed,60,three
p16s12,9,Plot14,N,1,exposed,60,three
p16s2,9,Plot15,N,4,exposed,30,three
p16s3,9,Plot15,N,1,exposed,30,three
p16s4,9,Plot15,N,0,exposed,30,three
p16s5,9,Plot15,N,0,exposed,30,three
p16s6,9,Plot15,N,2,exposed,30,three
p16s7,9,Plot15,N,1,exposed,30,three
p16s8,9,Plot15,N,1,exposed,30,three
p16s9,9,Plot15,N,1,exposed,30,three
p16s10,9,Plot15,N,1,exposed,30,three
p16s11,9,Plot15,N,5,exposed,30,three
p16s12,9,Plot15,N,1,exposed,30,three
p16s1,9,Plot16,N,3,control,30,three
p16s2,9,Plot16,N,1,control,30,three
p16s3,9,Plot16,N,1,control,30,three
p16s4,9,Plot16,N,1,control,30,three
p16s5,9,Plot16,N,1,control,30,three
p16s6,9,Plot16,N,1,control,30,three
p16s7,9,Plot16,N,5,control,30,three
p16s8,9,Plot16,N,1,control,30,three
p16s9,9,Plot16,N,1,control,30,three
p16s10,9,Plot16,N,1,control,30,three
p16s11,9,Plot16,N,2,control,30,three
p16s12,9,Plot16,N,1,control,30,three
p17s1,9,Plot17,N,6,exposed,100,three
p17s2,9,Plot17,N,19,exposed,100,three
p17s3,9,Plot17,N,5,exposed,100,three
p17s4,9,Plot17,N,2,exposed,100,three
p17s5,9,Plot17,N,1,exposed,100,three
p17s6,9,Plot17,N,6,exposed,100,three
p17s7,9,Plot17,N,3,exposed,100,three
p17s8,9,Plot17,N,2,exposed,100,three
p17s9,9,Plot17,N,2,exposed,100,three
p17s10,9,Plot17,N,4,exposed,100,three
p17s11,9,Plot17,N,1,exposed,100,three
p17s12,9,Plot17,N,12,exposed,100,three
p17s1,9,Plot18,N,2,control,100,three
p17s3,9,Plot18,N,1,control,100,three
p17s5,9,Plot18,N,3,control,100,three
p17s6,9,Plot18,N,4,control,100,three
p17s7,9,Plot18,N,5,control,100,three
p17s8,9,Plot18,N,3,control,100,three
p17s9,9,Plot18,N,7,control,100,three
p17s10,9,Plot18,N,5,control,100,three
p17s11,9,Plot18,N,2,control,100,three
p17s1,10,Plot1,N,1,control,100,one
p17s2,10,Plot1,N,3,control,100,one
p17s3,10,Plot1,N,2,control,100,one
p17s4,10,Plot1,N,2,control,100,one
p17s5,10,Plot1,N,1,control,100,one
p17s6,10,Plot1,N,1,control,100,one
p17s8,10,Plot1,N,5,control,100,one
p17s9,10,Plot1,N,1,control,100,one
p17s10,10,Plot1,N,1,control,100,one
p17s12,10,Plot1,N,1,control,100,one
p17s1,10,Plot2,N,9,exposed,100,one
p17s2,10,Plot2,N,1,exposed,100,one
p17s3,10,Plot2,N,18,exposed,100,one
p17s4,10,Plot2,N,4,exposed,100,one
p17s5,10,Plot2,N,19,exposed,100,one
p17s6,10,Plot2,N,1,exposed,100,one
p17s7,10,Plot2,N,15,exposed,100,one
p17s8,10,Plot2,N,2,exposed,100,one
p17s9,10,Plot2,N,3,exposed,100,one
p17s10,10,Plot2,N,8,exposed,100,one
p17s11,10,Plot2,N,1,exposed,100,one
p17s12,10,Plot2,N,9,exposed,100,one
p17s1,10,Plot3,N,2,exposed,60,one
p17s2,10,Plot3,N,1,exposed,60,one
p17s3,10,Plot3,N,12,exposed,60,one
p17s4,10,Plot3,N,4,exposed,60,one
p17s5,10,Plot3,N,3,exposed,60,one
p17s6,10,Plot3,N,4,exposed,60,one
p17s7,10,Plot3,N,3,exposed,60,one
p17s8,10,Plot3,N,7,exposed,60,one
p17s9,10,Plot3,N,10,exposed,60,one
p17s10,10,Plot3,N,3,exposed,60,one
p17s11,10,Plot3,N,2,exposed,60,one
p17s12,10,Plot3,N,3,exposed,60,one
p17s1,10,Plot4,N,1,control,60,one
p17s2,10,Plot4,N,2,control,60,one
p17s4,10,Plot4,N,3,control,60,one
p17s5,10,Plot4,N,1,control,60,one
p17s6,10,Plot4,N,1,control,60,one
p17s7,10,Plot4,N,1,control,60,one
p17s8,10,Plot4,N,1,control,60,one
p17s9,10,Plot4,N,1,control,60,one
p17s10,10,Plot4,N,2,control,60,one
p17s11,10,Plot4,N,1,control,60,one
p17s12,10,Plot4,N,1,control,60,one
p17s1,10,Plot5,N,1,control,30,one
p17s2,10,Plot5,N,1,control,30,one
p17s3,10,Plot5,N,1,control,30,one
p17s4,10,Plot5,N,1,control,30,one
p17s5,10,Plot5,N,1,control,30,one
p17s6,10,Plot5,N,2,control,30,one
p17s7,10,Plot5,N,1,control,30,one
p17s8,10,Plot5,N,1,control,30,one
p17s9,10,Plot5,N,1,control,30,one
p17s10,10,Plot5,N,1,control,30,one
p17s1,10,Plot6,N,1,exposed,30,one
p17s2,10,Plot6,N,2,exposed,30,one
p17s3,10,Plot6,N,1,exposed,30,one
p17s4,10,Plot6,N,2,exposed,30,one
p17s5,10,Plot6,N,1,exposed,30,one
p17s6,10,Plot6,N,1,exposed,30,one
p17s7,10,Plot6,N,1,exposed,30,one
p17s8,10,Plot6,N,1,exposed,30,one
p17s9,10,Plot6,N,1,exposed,30,one
p17s10,10,Plot6,N,0,exposed,30,one
p17s11,10,Plot6,N,1,exposed,30,one
p17s12,10,Plot6,N,1,exposed,30,one
p17s1,10,Plot7,N,1,control,30,two
p17s2,10,Plot7,N,1,control,30,two
p17s3,10,Plot7,N,1,control,30,two
p17s4,10,Plot7,N,1,control,30,two
p17s5,10,Plot7,N,1,control,30,two
p17s6,10,Plot7,N,1,control,30,two
p17s7,10,Plot7,N,1,control,30,two
p17s8,10,Plot7,N,1,control,30,two
p17s10,10,Plot7,N,1,control,30,two
p17s11,10,Plot7,N,1,control,30,two
p17s1,10,Plot8,N,1,exposed,30,two
p17s2,10,Plot8,N,1,exposed,30,two
p17s3,10,Plot8,N,1,exposed,30,two
p17s4,10,Plot8,N,1,exposed,30,two
p17s5,10,Plot8,N,1,exposed,30,two
p17s6,10,Plot8,N,16,exposed,30,two
p17s7,10,Plot8,N,3,exposed,30,two
p17s8,10,Plot8,N,8,exposed,30,two
p17s9,10,Plot8,N,1,exposed,30,two
p17s10,10,Plot8,N,1,exposed,30,two
p17s11,10,Plot8,N,7,exposed,30,two
p17s12,10,Plot8,N,8,exposed,30,two
p18s1,10,Plot9,N,2,exposed,100,two
p18s2,10,Plot9,N,4,exposed,100,two
p18s3,10,Plot9,N,4,exposed,100,two
p18s4,10,Plot9,N,2,exposed,100,two
p18s5,10,Plot9,N,1,exposed,100,two
p18s6,10,Plot9,N,2,exposed,100,two
p18s7,10,Plot9,N,8,exposed,100,two
p18s8,10,Plot9,N,4,exposed,100,two
p18s9,10,Plot9,N,1,exposed,100,two
p18s10,10,Plot9,N,3,exposed,100,two
p18s11,10,Plot9,N,3,exposed,100,two
p18s12,10,Plot9,N,5,exposed,100,two
p18s1,10,Plot10,N,1,control,100,two
p18s2,10,Plot10,N,1,control,100,two
p18s4,10,Plot10,N,1,control,100,two
p18s5,10,Plot10,N,2,control,100,two
p18s6,10,Plot10,N,1,control,100,two
p18s7,10,Plot10,N,1,control,100,two
p18s9,10,Plot10,N,1,control,100,two
p18s10,10,Plot10,N,1,control,100,two
p18s11,10,Plot10,N,1,control,100,two
p18s12,10,Plot10,N,1,control,100,two
p18s1,10,Plot11,N,3,control,60,two
p18s2,10,Plot11,N,1,control,60,two
p18s3,10,Plot11,N,1,control,60,two
p18s5,10,Plot11,N,1,control,60,two
p18s6,10,Plot11,N,1,control,60,two
p18s7,10,Plot11,N,1,control,60,two
p18s8,10,Plot11,N,3,control,60,two
p18s9,10,Plot11,N,1,control,60,two
p18s10,10,Plot11,N,1,control,60,two
p18s11,10,Plot11,N,4,control,60,two
p18s12,10,Plot11,N,1,control,60,two
p18s1,10,Plot12,N,4,exposed,60,two
p18s2,10,Plot12,N,1,exposed,60,two
p18s3,10,Plot12,N,1,exposed,60,two
p18s4,10,Plot12,N,1,exposed,60,two
p18s5,10,Plot12,N,1,exposed,60,two
p18s6,10,Plot12,N,1,exposed,60,two
p18s7,10,Plot12,N,1,exposed,60,two
p18s8,10,Plot12,N,20,exposed,60,two
p18s9,10,Plot12,N,14,exposed,60,two
p18s10,10,Plot12,N,1,exposed,60,two
p18s11,10,Plot12,N,8,exposed,60,two
p18s12,10,Plot12,N,7,exposed,60,two
p18s1,10,Plot13,N,1,control,60,three
p18s2,10,Plot13,N,2,control,60,three
p18s3,10,Plot13,N,2,control,60,three
p18s4,10,Plot13,N,1,control,60,three
p18s5,10,Plot13,N,1,control,60,three
p18s6,10,Plot13,N,0,control,60,three
p18s7,10,Plot13,N,1,control,60,three
p18s8,10,Plot13,N,2,control,60,three
p18s9,10,Plot13,N,1,control,60,three
p18s10,10,Plot13,N,1,control,60,three
p18s11,10,Plot13,N,1,control,60,three
p18s12,10,Plot13,N,1,control,60,three
p18s1,10,Plot14,N,2,exposed,60,three
p18s2,10,Plot14,N,3,exposed,60,three
p18s3,10,Plot14,N,6,exposed,60,three
p18s4,10,Plot14,N,2,exposed,60,three
p18s5,10,Plot14,N,2,exposed,60,three
p18s6,10,Plot14,N,3,exposed,60,three
p18s7,10,Plot14,N,0,exposed,60,three
p18s8,10,Plot14,N,6,exposed,60,three
p18s9,10,Plot14,N,2,exposed,60,three
p18s10,10,Plot14,N,4,exposed,60,three
p18s11,10,Plot14,N,2,exposed,60,three
p18s12,10,Plot14,N,1,exposed,60,three
p18s2,10,Plot15,N,1,exposed,30,three
p18s3,10,Plot15,N,1,exposed,30,three
p18s4,10,Plot15,N,0,exposed,30,three
p18s5,10,Plot15,N,0,exposed,30,three
p18s6,10,Plot15,N,2,exposed,30,three
p18s7,10,Plot15,N,2,exposed,30,three
p18s8,10,Plot15,N,1,exposed,30,three
p18s9,10,Plot15,N,2,exposed,30,three
p18s10,10,Plot15,N,2,exposed,30,three
p18s11,10,Plot15,N,1,exposed,30,three
p18s12,10,Plot15,N,1,exposed,30,three
p18s1,10,Plot16,N,1,control,30,three
p18s2,10,Plot16,N,1,control,30,three
p18s3,10,Plot16,N,1,control,30,three
p18s4,10,Plot16,N,1,control,30,three
p18s5,10,Plot16,N,1,control,30,three
p18s6,10,Plot16,N,1,control,30,three
p18s7,10,Plot16,N,3,control,30,three
p18s8,10,Plot16,N,1,control,30,three
p18s9,10,Plot16,N,2,control,30,three
p18s10,10,Plot16,N,1,control,30,three
p18s11,10,Plot16,N,3,control,30,three
p18s12,10,Plot16,N,1,control,30,three
p18s1,10,Plot17,N,1,exposed,100,three
p18s2,10,Plot17,N,18,exposed,100,three
p18s3,10,Plot17,N,3,exposed,100,three
p18s4,10,Plot17,N,1,exposed,100,three
p18s5,10,Plot17,N,1,exposed,100,three
p18s6,10,Plot17,N,3,exposed,100,three
p18s7,10,Plot17,N,2,exposed,100,three
p18s8,10,Plot17,N,1,exposed,100,three
p18s9,10,Plot17,N,2,exposed,100,three
p18s10,10,Plot17,N,2,exposed,100,three
p18s11,10,Plot17,N,7,exposed,100,three
p18s12,10,Plot17,N,15,exposed,100,three
p18s1,10,Plot18,N,4,control,100,three
p18s3,10,Plot18,N,1,control,100,three
p18s5,10,Plot18,N,2,control,100,three
p18s6,10,Plot18,N,4,control,100,three
p18s7,10,Plot18,N,8,control,100,three
p18s8,10,Plot18,N,4,control,100,three
p18s9,10,Plot18,N,7,control,100,three
p18s10,10,Plot18,N,5,control,100,three
p18s11,10,Plot18,N,1,control,100,three
